NIM,Nama,Jenis Kelamin,Umur,Status Menikah,Kehadiran (%),Partisipasi Diskusi (skor),Nilai Tugas (rata-rata),Aktivitas E-Learning (skor),IPK,Status Akademik
P03189001,Anastasia Pradipta,Perempuan,24,Menikah,61,47,60,98,2.27,Lulus
P03189002,Putra,Laki-laki,29,Menikah,88,52,95,90,2.35,Lulus
P03189003,Narpati,Laki-laki,26,Menikah,46,71,77,97,3.3,Lulus
P03189004,Bahuwirya,Laki-laki,21,Belum Menikah,40,67,45,91,3.84,Lulus
P03189005,Puti Raisa,Perempuan,30,Belum Menikah,45,57,82,94,2.3,Lulus
P03189006,Hartaka Nugroho,Perempuan,22,Menikah,88,86,92,97,3.87,Lulus
P03189007,Viktor Wulandari,Laki-laki,26,Belum Menikah,63,85,76,59,3.57,Lulus
P03189008,Genta Zulkarnain,Perempuan,24,Belum Menikah,50,65,61,72,2.03,Tidak
P03189009,Oliva Wahyudin,Perempuan,30,Belum Menikah,83,90,72,94,2.89,Lulus
P03189010,Gilda,Perempuan,27,Menikah,88,66,82,66,3.69,Lulus
P03189011,Parman,Laki-laki,24,Belum Menikah,92,44,65,58,3.41,Lulus
P03189012,Oni Hutasoit,Perempuan,28,Belum Menikah,48,57,56,70,2.63,Tidak
P03189013,Fathonah Hidayanto,Perempuan,29,Menikah,70,69,100,89,3.32,Lulus
P03189014,Darijan,Perempuan,29,Belum Menikah,40,45,48,85,3.26,Tidak
P03189015,Kiandra Purnawati,Perempuan,23,Menikah,82,43,80,94,2.31,Lulus
P03189016,Hasna Haryanti,Perempuan,22,Menikah,66,48,44,65,3.4,Lulus
P03189017,Anastasia Damanik,Perempuan,27,Menikah,49,55,85,53,2.02,Tidak
P03189018,Kawaya,Perempuan,20,Belum Menikah,87,51,77,44,2.68,Lulus
P03189019,Purwanto Puspasari,Perempuan,26,Belum Menikah,94,95,95,57,3.7,Lulus
P03189020,Tari,Perempuan,22,Belum Menikah,71,60,99,48,2.83,Lulus
P03189021,Yunita Purwanti,Perempuan,26,Belum Menikah,69,46,71,55,3.11,Lulus
P03189022,Carla,Perempuan,27,Menikah,93,87,87,92,2.95,Lulus
P03189023,Thamrin,Laki-laki,25,Belum Menikah,76,92,51,45,3.78,Lulus
P03189024,Yuliana,Perempuan,29,Menikah,45,43,70,95,2.14,Lulus
P03189025,Jane Nasyiah,Laki-laki,25,Menikah,84,59,74,81,3.23,Lulus
P03189026,Okta Dongoran,Laki-laki,22,Belum Menikah,63,67,42,87,3.89,Lulus
P03189027,Enteng Uyainah,Laki-laki,19,Belum Menikah,95,67,69,59,2.21,Lulus
P03189028,Cornelia Ardianto,Laki-laki,20,Belum Menikah,48,41,45,64,2.97,Tidak
P03189029,Gamblang Usada,Perempuan,29,Menikah,64,70,63,96,2.76,Lulus
P03189030,Aisyah Nuraini,Laki-laki,29,Menikah,78,53,88,79,3.82,Lulus
P03189031,Panca Gunarto,Laki-laki,21,Menikah,53,84,69,62,3.07,Lulus
P03189032,Ulva,Perempuan,27,Belum Menikah,69,86,79,58,2.11,Lulus
P03189033,Amalia Prayoga,Laki-laki,23,Menikah,96,88,75,81,3.38,Lulus
P03189034,Paulin,Perempuan,20,Belum Menikah,76,45,42,78,2.56,Lulus
P03189035,Kayla Wibowo,Perempuan,19,Menikah,82,57,55,56,2.87,Lulus
P03189036,Rachel Yuliarti,Laki-laki,28,Belum Menikah,59,47,100,52,3.21,Lulus
P03189037,Raina Prasetya,Perempuan,25,Menikah,56,71,49,66,3.45,Lulus
P03189038,Vanesa Prasetya,Laki-laki,29,Belum Menikah,58,95,45,51,2.84,Lulus
P03189039,Lasmanto Putra,Perempuan,24,Menikah,46,88,40,63,3.06,Lulus
P03189040,Usyi Kurniawan,Laki-laki,29,Menikah,62,50,60,97,3.35,Lulus
P03189041,Puti Indah,Perempuan,21,Belum Menikah,70,88,67,65,2.2,Lulus
P03189042,Harjasa Oktaviani,Laki-laki,30,Belum Menikah,68,45,93,62,2.72,Lulus
P03189043,Nabila,Laki-laki,22,Menikah,69,46,50,100,3.23,Lulus
P03189044,Okto,Perempuan,19,Menikah,55,74,73,78,2.28,Lulus
P03189045,Laras Haryanti,Laki-laki,21,Menikah,42,80,46,46,2.3,Tidak
P03189046,Pranawa Jailani,Perempuan,26,Belum Menikah,79,73,70,62,2.2,Lulus
P03189047,Kartika Pranowo,Laki-laki,22,Belum Menikah,63,85,74,52,3.31,Lulus
P03189048,Faizah Wulandari,Perempuan,30,Menikah,42,43,59,52,3.07,Tidak
P03189049,Dina,Laki-laki,21,Menikah,41,44,72,42,3.47,Tidak
P03189050,Hasim Puspasari,Laki-laki,21,Menikah,89,59,56,85,2.65,Lulus
P03189051,Hasim Halimah,Perempuan,28,Menikah,45,74,56,61,2.92,Lulus
P03189052,Diana,Laki-laki,24,Menikah,95,52,40,69,3.21,Lulus
P03189053,Puspasari,Perempuan,26,Belum Menikah,46,47,45,95,4,Lulus
P03189054,Hendri Adriansyah,Laki-laki,19,Belum Menikah,76,92,73,76,2.39,Lulus
P03189055,Puti Kusmawati,Perempuan,23,Menikah,46,50,47,62,2.15,Tidak
P03189056,Raditya Yulianti,Laki-laki,25,Menikah,72,65,41,69,3.54,Lulus
P03189057,Raden,Perempuan,26,Menikah,91,70,86,59,3.13,Lulus
P03189058,Nardi Hidayanto,Perempuan,19,Belum Menikah,97,69,95,45,2.25,Lulus
P03189059,Anastasia Prastuti,Perempuan,28,Menikah,42,81,65,65,3.09,Lulus
P03189060,Nabila Namaga,Laki-laki,30,Menikah,73,42,55,41,2.09,Tidak
P03189061,Ulva,Laki-laki,19,Belum Menikah,47,64,43,52,2.12,Tidak
P03189062,Taufan Prasetyo,Laki-laki,30,Belum Menikah,94,49,92,47,3.74,Lulus
P03189063,Raharja Haryanti,Perempuan,30,Belum Menikah,71,85,56,69,2.94,Lulus
P03189064,Widya Nasyiah,Laki-laki,29,Menikah,58,75,65,89,3.63,Lulus
P03189065,Ramadan,Perempuan,20,Menikah,71,47,100,58,3.5,Lulus
P03189066,Danuja Halimah,Laki-laki,21,Belum Menikah,85,68,84,87,2.93,Lulus
P03189067,Kani Pratiwi,Laki-laki,21,Menikah,80,73,77,76,2.8,Lulus
P03189068,Bakiono Waluyo,Laki-laki,28,Menikah,84,82,93,53,3.54,Lulus
P03189069,Namaga,Perempuan,26,Belum Menikah,44,63,48,42,3.36,Tidak
P03189070,Puti Ophelia Pradipta,Perempuan,29,Belum Menikah,50,84,47,75,2.41,Lulus
P03189071,Elon Januar,Laki-laki,25,Belum Menikah,56,92,65,64,2.5,Lulus
P03189072,Nadia Laksita,Laki-laki,21,Belum Menikah,95,60,50,41,3.1,Lulus
P03189073,Daniswara Uyainah,Laki-laki,29,Menikah,49,68,92,96,3.5,Lulus
P03189074,Yuliana Palastri,Laki-laki,30,Menikah,73,99,68,46,2.46,Lulus
P03189075,Elma,Perempuan,28,Belum Menikah,40,40,79,94,3.84,Lulus
P03189076,Danu Napitupulu,Laki-laki,24,Menikah,44,60,52,90,2.78,Lulus
P03189077,Harsana,Perempuan,29,Menikah,49,84,70,91,3.54,Lulus
P03189078,Wani Zulaika,Laki-laki,22,Menikah,84,48,87,45,3.6,Lulus
P03189079,Hidayanto,Perempuan,27,Belum Menikah,59,97,75,55,2.31,Lulus
P03189080,Gading Wibowo,Laki-laki,21,Menikah,53,46,92,90,3.77,Lulus
P03189081,Raina Namaga,Laki-laki,30,Belum Menikah,69,40,82,55,3.53,Lulus
P03189082,Jefri Permata,Laki-laki,25,Belum Menikah,49,92,67,83,3.29,Lulus
P03189083,Yunita Tampubolon,Laki-laki,30,Menikah,58,41,91,53,2.76,Lulus
P03189084,Rafi Wasita,Laki-laki,21,Belum Menikah,81,58,78,60,2.66,Lulus
P03189085,Hamzah Rahayu,Perempuan,24,Belum Menikah,54,64,58,90,3.42,Lulus
P03189086,Ciaobella Narpati,Laki-laki,26,Belum Menikah,93,96,86,86,3.73,Lulus
P03189087,Kurniawan,Perempuan,25,Belum Menikah,97,92,65,51,3.83,Lulus
P03189088,Anom,Perempuan,26,Menikah,43,75,74,41,2.34,Tidak
P03189089,Ella Prasasta,Laki-laki,19,Belum Menikah,81,77,40,91,2.05,Lulus
P03189090,Napitupulu,Laki-laki,28,Belum Menikah,42,99,69,46,2.62,Lulus
P03189091,Ibrahim,Laki-laki,21,Menikah,82,75,63,73,3.49,Lulus
P03189092,Kamal Pranowo,Perempuan,26,Belum Menikah,62,51,68,58,2.04,Tidak
P03189093,Nadine Yulianti,Laki-laki,20,Belum Menikah,85,84,61,42,3.26,Lulus
P03189094,Pradipta,Laki-laki,26,Menikah,62,66,44,94,3.88,Lulus
P03189095,Tidak Diketahui,Laki-laki,21,Belum Menikah,85,71,96,99,2.79,Lulus
P03189096,Zamira,Perempuan,27,Belum Menikah,76,92,80,79,2.66,Lulus
P03189097,Agnes,Perempuan,19,Belum Menikah,79,64,63,91,3.3,Lulus
P03189098,Cut Alika Permadi,Laki-laki,22,Menikah,81,83,67,79,3.61,Lulus
P03189099,Baktiadi Najmudin,Perempuan,27,Belum Menikah,79,79,40,92,3.85,Lulus
P031890100,Jane,Laki-laki,23,Belum Menikah,100,71,74,71,3.45,Lulus
,Aris Tarihoran,Laki-laki,30,Menikah,42,87,44,84,2.55,Lulus
,Darman Wastuti,Laki-laki,28,Belum Menikah,87,71,97,84,3,Lulus
,Kemba,Perempuan,24,Belum Menikah,59,64,54,49,2.96,Lulus
,Diana Prakasa,Laki-laki,22,Belum Menikah,44,73,57,91,3.26,Lulus
,Queen,Laki-laki,21,Menikah,96,42,85,96,3.68,Lulus
,Zahra Padmasari,Perempuan,29,Menikah,67,58,80,82,3.79,Lulus
,Wani Utama,Laki-laki,29,Belum Menikah,96,51,96,67,3.49,Lulus
,Artawan,Laki-laki,26,Menikah,49,49,52,49,3.21,Tidak
,Reza,Laki-laki,23,Belum Menikah,72,81,66,88,2.93,Lulus
,Violet,Laki-laki,29,Menikah,54,44,48,58,2.07,Tidak
,Prasasta,Laki-laki,19,Belum Menikah,92,72,73,82,2.37,Lulus
,Bagiya Prastuti,Laki-laki,22,Belum Menikah,43,95,65,74,3.29,Lulus
,Bella Habibi,Perempuan,26,Menikah,70,85,56,100,2.76,Lulus
,Jayeng Agustina,Laki-laki,23,Belum Menikah,65,53,61,99,2.15,Lulus
,Dongoran,Laki-laki,23,Belum Menikah,72,47,72,95,2.81,Lulus
,Halima Lailasari,Perempuan,23,Belum Menikah,61,47,84,97,2.54,Lulus
,Galak Puspita,Perempuan,20,Menikah,84,94,72,84,3.67,Lulus
,Karen Hutapea,Laki-laki,21,Belum Menikah,77,49,52,46,3.87,Lulus
,Rafi Hassanah,Laki-laki,19,Belum Menikah,60,91,75,47,3.07,Lulus
,Vanya,Laki-laki,19,Belum Menikah,84,64,63,51,2.87,Lulus
,Jatmiko Adriansyah,Perempuan,20,Belum Menikah,97,91,100,54,3.08,Lulus
,Bagya Hasanah,Perempuan,28,Menikah,77,89,78,89,2.35,Lulus
,Kayla,Perempuan,25,Belum Menikah,61,46,73,98,2.38,Lulus
,Tidak Diketahui,Perempuan,30,Menikah,89,90,88,78,3.92,Lulus
,Danang,Perempuan,19,Menikah,81,97,93,69,2.1,Lulus
,Karen Kusumo,Perempuan,23,Menikah,87,84,67,88,2.54,Lulus
,Titi,Laki-laki,22,Menikah,89,45,40,83,3.04,Lulus
,Gaman Kusumo,Laki-laki,23,Belum Menikah,43,55,83,55,3.65,Lulus
,Faizah Widiastuti,Laki-laki,19,Belum Menikah,72,48,90,97,2.64,Lulus
,Purwadi Natsir,Perempuan,23,Menikah,77,86,91,91,2.17,Lulus
,Humaira,Perempuan,27,Menikah,100,49,74,56,3.22,Lulus
,Dina,Perempuan,26,Menikah,69,50,77,96,3.8,Lulus
,Warji Widodo,Perempuan,27,Menikah,65,63,81,60,3.31,Lulus
,Hartana Farida,Perempuan,29,Belum Menikah,95,68,97,50,3.6,Lulus
,Prakasa,Laki-laki,30,Menikah,67,86,63,68,2.26,Lulus
,Zahra Prastuti,Laki-laki,28,Menikah,45,79,56,60,3.65,Lulus
,Zalindra Permadi,Laki-laki,25,Belum Menikah,52,98,89,44,3.42,Lulus
,Ayu Gunawan,Perempuan,27,Belum Menikah,57,70,45,40,3.72,Lulus
,Endra Thamrin,Perempuan,19,Belum Menikah,71,42,73,54,2.11,Tidak
,Icha Usada,Laki-laki,27,Menikah,96,67,67,57,3.25,Lulus
,Utama,Perempuan,23,Belum Menikah,83,99,73,86,2.5,Lulus
,Asman Damanik,Perempuan,20,Belum Menikah,96,92,74,58,3.1,Lulus
,Candra Kuswoyo,Laki-laki,25,Menikah,55,100,77,57,3.41,Lulus
,Prakosa,Laki-laki,21,Menikah,70,91,49,70,3.04,Lulus
,Lidya Farida,Laki-laki,22,Belum Menikah,72,52,93,58,2.42,Lulus
,Fitria Laksmiwati,Perempuan,20,Menikah,78,70,46,52,3.93,Lulus
,Paramita,Laki-laki,27,Belum Menikah,98,76,60,78,3.34,Lulus
,Paulin Prayoga,Laki-laki,19,Belum Menikah,60,61,90,43,3.94,Lulus
,Kanda Anggriawan,Laki-laki,22,Belum Menikah,43,91,67,41,3.72,Lulus
,Prabowo Pertiwi,Perempuan,30,Belum Menikah,64,47,71,40,3.96,Lulus
,Karta,Laki-laki,28,Menikah,60,68,74,84,2.21,Lulus
,Wisnu Hakim,Laki-laki,26,Menikah,59,76,79,64,3.09,Lulus
,Johan Tampubolon,Laki-laki,20,Menikah,91,97,47,94,3.34,Lulus
,Nugroho,Laki-laki,23,Menikah,85,77,59,76,2.94,Lulus
,Devi Yulianti,Perempuan,21,Belum Menikah,50,79,46,90,2.12,Lulus
,Tidak Diketahui,Perempuan,19,Belum Menikah,100,42,94,59,2.48,Lulus
,Rafid Prasetya,Laki-laki,26,Belum Menikah,84,50,64,65,2.24,Lulus
,Harja,Perempuan,20,Belum Menikah,76,97,69,89,3.76,Lulus
,Fitria,Perempuan,30,Belum Menikah,81,88,100,72,2.97,Lulus
,Rafid Yuliarti,Perempuan,26,Menikah,80,90,73,97,2.94,Lulus
,Koko Tampubolon,Laki-laki,25,Belum Menikah,79,54,46,79,3.65,Lulus
,Tami,Laki-laki,29,Belum Menikah,77,87,49,73,3.65,Lulus
,Purwadi,Perempuan,25,Belum Menikah,59,96,49,88,3.43,Lulus
,Tira Widiastuti,Laki-laki,27,Menikah,57,95,75,87,3.23,Lulus
,Lili,Laki-laki,20,Belum Menikah,91,65,68,85,2.39,Lulus
,Jinawi Tamba,Laki-laki,28,Belum Menikah,63,87,45,70,3.19,Lulus
,Luis,Perempuan,26,Belum Menikah,87,63,99,55,2.74,Lulus
,Emil,Perempuan,26,Menikah,50,54,55,84,3.64,Lulus
,Citra Wibowo,Laki-laki,29,Belum Menikah,83,56,80,74,2.71,Lulus
,Estiono,Laki-laki,25,Belum Menikah,80,88,76,79,2.53,Lulus
,Narpati,Laki-laki,19,Menikah,77,80,47,88,3.73,Lulus
,Puti Elisa Agustina,Perempuan,27,Menikah,66,84,67,98,2.77,Lulus
,Aslijan,Perempuan,21,Belum Menikah,75,89,60,80,2.72,Lulus
,Zulaikha Napitupulu,Perempuan,24,Menikah,69,67,40,61,3.34,Lulus
,Virman Nasyiah,Perempuan,20,Belum Menikah,94,89,71,55,3.91,Lulus
,Yusuf Narpati,Perempuan,30,Belum Menikah,52,61,71,67,2.07,Lulus
,Olga Winarno,Perempuan,29,Menikah,75,66,97,73,2,Lulus
,Nalar Widiastuti,Laki-laki,19,Menikah,62,81,78,79,2.11,Lulus
,Elon Gunarto,Perempuan,27,Belum Menikah,78,57,53,96,2.58,Lulus
,Pertiwi,Laki-laki,28,Belum Menikah,46,87,56,73,2.95,Lulus
,Nababan,Perempuan,30,Menikah,98,46,63,100,3.85,Lulus
,Fitriani,Laki-laki,20,Belum Menikah,42,96,53,68,3.94,Lulus
,Erik Tamba,Perempuan,30,Menikah,98,89,94,51,3.87,Lulus
,Artanto Pangestu,Laki-laki,30,Menikah,45,100,78,92,3.29,Lulus
,Cayadi Wibowo,Perempuan,20,Belum Menikah,40,54,47,56,3.64,Tidak
,Heryanto Prabowo,Laki-laki,24,Menikah,68,77,59,77,3.24,Lulus
,Queen Usamah,Laki-laki,22,Menikah,60,96,68,54,3.48,Lulus
,Rachel Budiman,Perempuan,24,Belum Menikah,93,63,83,61,3.83,Lulus
,Cengkal,Perempuan,21,Belum Menikah,89,41,60,72,3.86,Lulus
,Jagaraga Rajata,Perempuan,27,Belum Menikah,72,98,46,64,3.16,Lulus
,Cahyanto,Laki-laki,20,Belum Menikah,52,42,71,65,2.73,Tidak
,Zulfa Haryanti,Laki-laki,29,Belum Menikah,54,63,74,54,2.02,Tidak
,Elisa Damanik,Perempuan,21,Menikah,95,63,43,72,3.01,Lulus
,Jais Yuliarti,Perempuan,28,Belum Menikah,98,43,44,41,2.98,Lulus
,Talia,Perempuan,21,Menikah,42,82,50,68,2.8,Lulus
,Gaiman,Laki-laki,26,Menikah,84,60,88,61,2.07,Lulus
,Ani,Perempuan,25,Belum Menikah,79,65,43,77,3.08,Lulus
,Jaswadi Anggraini,Perempuan,22,Belum Menikah,89,86,73,78,3.51,Lulus
,Rahman Napitupulu,Perempuan,27,Belum Menikah,73,78,47,71,2.41,Lulus
,Harimurti,Perempuan,29,Menikah,94,81,65,99,3.5,Lulus
,Oliva Hutasoit,Laki-laki,29,Menikah,43,47,61,80,3.71,Lulus
,Widya Tampubolon,Laki-laki,23,Belum Menikah,78,41,47,58,2.22,Tidak
,Puti Belinda,Perempuan,22,Belum Menikah,45,75,57,74,3.09,Lulus
,Wakiman Kurniawan,Perempuan,28,Menikah,75,43,86,79,3.43,Lulus
,Kemba,Laki-laki,20,Menikah,59,75,62,83,3.91,Lulus
,Dina Zulkarnain,Perempuan,27,Menikah,87,71,47,82,3.13,Lulus
,Luthfi Kuswoyo,Perempuan,23,Menikah,88,87,96,86,3.81,Lulus
,Nalar,Laki-laki,24,Belum Menikah,90,89,48,88,2.81,Lulus
,Zelaya,Perempuan,26,Belum Menikah,97,62,57,96,2.46,Lulus
,Puti Vanesa Haryanti,Perempuan,25,Belum Menikah,63,60,80,43,3.93,Lulus
,Okta Usada,Perempuan,26,Belum Menikah,62,81,78,78,2.58,Lulus
,Darmaji Adriansyah,Laki-laki,27,Belum Menikah,66,92,54,69,2.66,Lulus
,Alambana Yulianti,Perempuan,26,Belum Menikah,60,41,54,88,2.77,Lulus
,Zizi Laksita,Perempuan,21,Belum Menikah,75,62,60,66,2.81,Lulus
,Wijaya,Perempuan,25,Belum Menikah,58,91,96,63,3.07,Lulus
,Azalea,Perempuan,22,Belum Menikah,75,62,50,90,2.19,Lulus
,Jasmin Lailasari,Perempuan,29,Belum Menikah,59,73,66,70,2.25,Lulus
,Cut Gilda Rajasa,Laki-laki,21,Belum Menikah,46,47,66,41,3.81,Tidak
,Febi,Laki-laki,19,Belum Menikah,82,64,95,76,3.21,Lulus
,Dagel Prasetyo,Laki-laki,30,Menikah,98,75,98,84,2.9,Lulus
,Dongoran,Perempuan,23,Belum Menikah,57,40,65,56,2.39,Tidak
,Puti Titin Kuswandari,Laki-laki,26,Belum Menikah,62,47,40,80,2.71,Tidak
,Nasyiah,Laki-laki,24,Belum Menikah,49,75,74,45,3.83,Lulus
,Usman Hidayat,Perempuan,28,Belum Menikah,81,45,41,68,2.9,Lulus
,Imam Widodo,Laki-laki,26,Menikah,76,84,98,59,2.01,Lulus
,Aditya Napitupulu,Laki-laki,30,Menikah,49,75,52,62,3.88,Lulus
,Uchita Nasyiah,Laki-laki,22,Belum Menikah,45,51,83,59,3.06,Lulus
,Ghaliyati,Laki-laki,19,Belum Menikah,80,84,45,90,3.68,Lulus
,Cut Julia Zulkarnain,Laki-laki,27,Menikah,65,49,77,98,3.48,Lulus
,Johan,Perempuan,28,Menikah,49,62,74,79,3.73,Lulus
,Lutfan Puspasari,Laki-laki,24,Belum Menikah,49,87,75,99,2.19,Lulus
,Garang Tamba,Laki-laki,29,Menikah,78,44,74,63,2.67,Lulus
,Titin,Perempuan,21,Belum Menikah,76,40,52,44,3.7,Lulus
,Puti Irawan,Perempuan,19,Menikah,61,51,71,80,2.5,Lulus
,Laila Hutasoit,Perempuan,28,Belum Menikah,52,84,86,66,2.94,Lulus
,Halima Dongoran,Perempuan,23,Menikah,69,76,45,51,3.98,Lulus
,Lintang Hakim,Perempuan,23,Menikah,52,42,87,63,4,Lulus
,Ibun,Perempuan,27,Belum Menikah,75,91,94,85,3.89,Lulus
,Nasim,Perempuan,22,Menikah,57,45,100,83,3.38,Lulus
,Rahmat Palastri,Laki-laki,19,Menikah,71,56,47,41,2.06,Tidak
,Devi Firmansyah,Laki-laki,20,Belum Menikah,62,53,89,65,2.67,Lulus
,Dalima Zulkarnain,Laki-laki,30,Belum Menikah,85,65,78,81,3.43,Lulus
,Gawati Farida,Laki-laki,27,Belum Menikah,88,96,92,83,2.88,Lulus
,Zalindra Hassanah,Laki-laki,25,Menikah,98,41,63,70,2.48,Lulus
,Aurora Pangestu,Perempuan,24,Menikah,82,72,73,75,2.13,Lulus
,Prayoga Yolanda,Perempuan,20,Belum Menikah,55,54,70,65,2.53,Lulus
,Hardana Habibi,Laki-laki,26,Belum Menikah,52,85,73,74,3.85,Lulus
,Uli,Laki-laki,28,Menikah,79,93,87,92,3.64,Lulus
,Pia,Perempuan,23,Menikah,83,99,59,40,2.68,Lulus
,Julia Zulkarnain,Laki-laki,23,Belum Menikah,51,56,81,57,2.83,Lulus
,Hartana,Laki-laki,29,Belum Menikah,43,80,77,43,3.61,Lulus
,Narpati,Laki-laki,19,Belum Menikah,82,41,41,97,2.49,Lulus
,Jefri Hassanah,Laki-laki,22,Belum Menikah,42,62,93,97,3.39,Lulus
,Jessica Latupono,Perempuan,28,Menikah,46,84,97,85,3.36,Lulus
,Nurul Agustina,Laki-laki,24,Menikah,90,50,91,93,3.44,Lulus
,Yance Pudjiastuti,Laki-laki,23,Belum Menikah,72,57,59,95,3,Lulus
,Gandewa Wastuti,Laki-laki,26,Belum Menikah,92,97,94,99,3.09,Lulus
,Raina,Perempuan,28,Belum Menikah,96,58,57,95,2.53,Lulus
,Usman Rajata,Laki-laki,27,Menikah,67,98,62,51,2.41,Lulus
,Laksmiwati,Perempuan,19,Belum Menikah,51,99,98,94,3.82,Lulus
,Gabriella Prastuti,Laki-laki,20,Belum Menikah,83,41,65,74,3.83,Lulus
,Drajat Rahmawati,Perempuan,22,Menikah,87,83,68,41,2.35,Lulus
,Adika,Perempuan,24,Menikah,88,70,48,83,2.05,Lulus
,Karja Prayoga,Perempuan,25,Belum Menikah,83,40,84,68,2.76,Lulus
,Ramadan,Perempuan,27,Menikah,48,67,84,42,3.07,Lulus
,Darimin Prabowo,Perempuan,20,Belum Menikah,68,65,45,84,2.75,Lulus
,Kani,Laki-laki,30,Menikah,79,46,53,84,3.49,Lulus
,Ade,Laki-laki,20,Menikah,50,100,89,79,2.24,Lulus
,Napitupulu,Laki-laki,23,Belum Menikah,86,63,75,91,2.09,Lulus
,Pratiwi,Perempuan,21,Belum Menikah,41,64,76,50,3.98,Lulus
,Eva,Laki-laki,24,Menikah,81,66,46,65,3.5,Lulus
,Rajata,Perempuan,30,Belum Menikah,86,65,74,50,2.42,Lulus
,Kajen Usada,Perempuan,24,Belum Menikah,72,79,62,63,2.56,Lulus
,Cakrabuana Zulaika,Perempuan,21,Belum Menikah,67,79,84,40,2.2,Lulus
,Raharja Widiastuti,Laki-laki,30,Belum Menikah,100,85,75,41,3.6,Lulus
,Hani Haryanti,Laki-laki,20,Belum Menikah,56,65,45,73,3.25,Lulus
,Abyasa Budiyanto,Perempuan,22,Menikah,52,47,55,52,3.59,Tidak
,Ella Riyanti,Laki-laki,21,Belum Menikah,55,56,94,96,2.56,Lulus
,Ajeng Iswahyudi,Laki-laki,26,Belum Menikah,66,55,43,73,2.63,Lulus
,Ami,Laki-laki,30,Belum Menikah,75,89,94,52,3.69,Lulus
,Farhunnisa Hasanah,Perempuan,30,Menikah,92,80,70,76,2.62,Lulus
,Erik Agustina,Perempuan,28,Menikah,52,54,44,79,3.76,Lulus
,Ridwan Natsir,Laki-laki,28,Belum Menikah,92,57,69,82,2.16,Lulus
,Utama Pudjiastuti,Laki-laki,29,Menikah,71,78,93,53,2.76,Lulus
,Zaenab Najmudin,Laki-laki,19,Belum Menikah,40,88,52,98,3.56,Lulus
,Estiawan,Laki-laki,25,Menikah,43,83,93,100,3.92,Lulus
,Najwa Hariyah,Laki-laki,30,Menikah,46,49,61,73,3.21,Lulus
,Umaya,Laki-laki,20,Menikah,90,87,59,75,2.18,Lulus
,Ayu Lazuardi,Laki-laki,26,Belum Menikah,77,55,44,90,3.72,Lulus
,Labuh,Laki-laki,24,Belum Menikah,58,66,59,66,3.3,Lulus
,Tidak Diketahui,Perempuan,25,Menikah,78,49,75,70,2.52,Lulus
,Jamal Pranowo,Perempuan,28,Belum Menikah,94,86,85,60,3.92,Lulus
,Puji Rahayu,Laki-laki,29,Menikah,47,87,51,55,3.06,Lulus
,Karta Prasetya,Laki-laki,30,Menikah,92,68,58,100,2.62,Lulus
,Faizah,Perempuan,26,Menikah,78,85,63,85,2.64,Lulus
,Artawan Hardiansyah,Laki-laki,27,Belum Menikah,64,53,91,51,2.89,Lulus
,Ridwan Dongoran,Perempuan,21,Menikah,52,90,69,67,2.75,Lulus
,Natalia Halim,Laki-laki,27,Menikah,51,69,46,81,3.54,Lulus
,Darmanto,Laki-laki,22,Menikah,100,45,64,43,2.37,Lulus
,Latupono,Laki-laki,23,Belum Menikah,59,69,59,46,3.36,Lulus
,Lurhur Widiastuti,Perempuan,24,Menikah,83,67,99,87,2.95,Lulus
,Tri Thamrin,Laki-laki,27,Menikah,44,75,47,74,2.25,Tidak
,Anom,Laki-laki,19,Belum Menikah,67,90,78,71,2.97,Lulus
,Praba Handayani,Perempuan,20,Menikah,79,51,70,51,3.49,Lulus
,Raisa Budiyanto,Perempuan,28,Menikah,98,44,80,75,2.45,Lulus
,Digdaya Prakasa,Laki-laki,20,Menikah,96,87,51,73,3.98,Lulus
,Cinta Yulianti,Laki-laki,20,Belum Menikah,90,92,92,60,3.07,Lulus
,Yani Ardianto,Perempuan,22,Menikah,69,99,63,91,3.45,Lulus
,Dodo,Perempuan,28,Belum Menikah,65,84,56,71,3.33,Lulus
,Hani,Laki-laki,23,Menikah,53,73,46,53,2.2,Tidak
,Ian Laksmiwati,Laki-laki,29,Belum Menikah,71,72,52,49,3.49,Lulus
,Rizki Prasetya,Laki-laki,24,Menikah,72,50,87,64,2.63,Lulus
,Cakrabirawa,Laki-laki,28,Belum Menikah,75,54,79,43,2.72,Lulus
,Ajimin Hariyah,Perempuan,24,Menikah,100,43,44,58,3.09,Lulus
,Yuliarti,Laki-laki,27,Belum Menikah,47,73,58,92,3.63,Lulus
,Tiara Irawan,Perempuan,27,Belum Menikah,63,56,72,63,3.42,Lulus
,Ika Novitasari,Perempuan,21,Menikah,72,63,48,84,2.76,Lulus
,Teguh Najmudin,Laki-laki,24,Belum Menikah,52,94,49,65,3.92,Lulus
,Darsirah Widiastuti,Laki-laki,28,Menikah,70,52,69,70,3.22,Lulus
,Cahyono Kusmawati,Laki-laki,25,Belum Menikah,50,98,89,79,2.45,Lulus
,Artanto,Laki-laki,19,Menikah,45,90,91,89,2.53,Lulus
,Johan,Perempuan,21,Belum Menikah,50,60,62,100,2.95,Lulus
,Lestari,Perempuan,23,Belum Menikah,99,94,71,71,3.39,Lulus
,Warta,Laki-laki,24,Menikah,48,47,85,70,2.28,Lulus
,Farhunnisa Adriansyah,Perempuan,26,Belum Menikah,91,70,52,69,3.88,Lulus
,Kania Laksmiwati,Perempuan,28,Belum Menikah,52,62,73,81,2.61,Lulus
,Labuh Widiastuti,Perempuan,28,Menikah,89,62,91,74,3.88,Lulus
,Cindy Rajasa,Laki-laki,19,Belum Menikah,78,71,68,87,3.89,Lulus
,Enteng Handayani,Perempuan,26,Belum Menikah,43,87,46,100,2.08,Lulus
,Kartika Palastri,Perempuan,30,Belum Menikah,66,90,68,41,3.17,Lulus
,Ismail Zulaika,Laki-laki,26,Belum Menikah,76,79,81,80,2.52,Lulus
,Irwan Yulianti,Laki-laki,20,Belum Menikah,68,84,70,61,2.18,Lulus
,Artawan,Perempuan,20,Menikah,93,69,97,84,3.97,Lulus
,Tidak Diketahui,Laki-laki,29,Menikah,43,83,55,66,3.23,Lulus
,Tami Hidayanto,Perempuan,24,Belum Menikah,86,78,41,82,2.44,Lulus
,Ifa Putra,Laki-laki,22,Belum Menikah,61,50,55,42,2.24,Tidak
,Ajiono Hutasoit,Perempuan,22,Menikah,68,100,51,48,2.98,Lulus
,Alika Lestari,Laki-laki,27,Menikah,52,87,45,90,3.83,Lulus
,Iriana Budiyanto,Perempuan,28,Menikah,48,75,100,67,2.23,Lulus
,Halima Padmasari,Perempuan,20,Belum Menikah,97,76,40,92,3.01,Lulus
,Oskar Nababan,Laki-laki,21,Belum Menikah,88,58,77,51,2.65,Lulus
,Rachel Firmansyah,Laki-laki,22,Belum Menikah,42,94,97,55,2.09,Lulus
,Dagel Pratama,Laki-laki,24,Belum Menikah,90,70,64,92,2.51,Lulus
,Aisyah Winarno,Laki-laki,25,Menikah,72,80,80,71,3.56,Lulus
,Cut Paris Waskita,Laki-laki,19,Belum Menikah,44,44,77,89,2.51,Lulus
,Darsirah Laksmiwati,Laki-laki,19,Belum Menikah,71,52,41,77,3.45,Lulus
,Cakrabirawa Purnawati,Perempuan,30,Belum Menikah,50,77,44,89,2.74,Lulus
,Belinda Lestari,Laki-laki,26,Menikah,70,84,96,90,3.68,Lulus
,Jamil Wijaya,Laki-laki,24,Belum Menikah,94,64,83,95,2.47,Lulus
,Tania Firmansyah,Laki-laki,27,Belum Menikah,95,74,86,67,3.32,Lulus
,Hari,Perempuan,27,Belum Menikah,50,53,45,82,3.37,Lulus
,Rina Budiyanto,Laki-laki,26,Belum Menikah,93,41,40,78,2.66,Lulus
,Olivia Permata,Laki-laki,23,Belum Menikah,59,87,60,45,3.88,Lulus
,Jaiman Budiman,Laki-laki,27,Belum Menikah,57,83,90,84,3.74,Lulus
,Gunarto,Perempuan,19,Belum Menikah,92,83,57,91,3.41,Lulus
,Yulianti,Perempuan,22,Belum Menikah,60,49,69,75,2.16,Lulus
,Cut Rahayu Andriani,Perempuan,24,Belum Menikah,88,78,59,99,3.48,Lulus
,Balapati Usamah,Laki-laki,22,Menikah,91,97,59,57,2.97,Lulus
,Dalimin Laksita,Laki-laki,23,Belum Menikah,73,71,44,54,2.88,Lulus
,Gamanto Prasetyo,Laki-laki,19,Menikah,93,69,94,85,2.73,Lulus
,Baktiono Tampubolon,Laki-laki,26,Menikah,54,69,99,83,2.08,Lulus
,Ulya,Laki-laki,22,Menikah,77,73,80,45,2.83,Lulus
,Adhiarja Prastuti,Laki-laki,25,Menikah,56,41,84,62,3.17,Lulus
,Kamaria Hassanah,Perempuan,20,Belum Menikah,71,46,52,72,2.74,Lulus
,Zelda Lestari,Perempuan,27,Menikah,76,84,49,96,3.1,Lulus
,Rama Iswahyudi,Perempuan,20,Belum Menikah,61,44,49,67,2.41,Tidak
,Viktor Gunarto,Laki-laki,21,Menikah,75,88,51,84,3.32,Lulus
,Jaga Damanik,Perempuan,29,Belum Menikah,70,60,62,72,3.62,Lulus
,Rafi,Laki-laki,22,Menikah,43,90,78,84,3.75,Lulus
,Najmudin,Perempuan,19,Menikah,58,87,59,84,2.14,Lulus
,Dina Ardianto,Laki-laki,20,Menikah,96,59,78,42,2.91,Lulus
,Prabowo,Laki-laki,30,Menikah,89,87,41,46,3.27,Lulus
,Balangga Kusmawati,Perempuan,19,Menikah,99,48,85,84,3.93,Lulus
,Vanesa,Laki-laki,30,Menikah,55,81,98,82,3.84,Lulus
,Caturangga Zulkarnain,Laki-laki,21,Menikah,77,63,100,74,2.49,Lulus
,Kamidin Namaga,Laki-laki,29,Menikah,91,79,68,100,2.39,Lulus
,Karimah Wahyuni,Perempuan,29,Menikah,92,86,84,96,3.88,Lulus
,Latika Purwanti,Perempuan,29,Menikah,98,42,53,100,2.58,Lulus
,Lintang Hartati,Perempuan,27,Menikah,70,86,69,88,2.26,Lulus
,Uwais,Laki-laki,24,Belum Menikah,60,55,71,54,3.07,Lulus
,Yance,Laki-laki,28,Belum Menikah,74,77,90,43,3,Lulus
,Ida Wijaya,Perempuan,20,Menikah,87,52,56,95,2.87,Lulus
,Prayogo Dongoran,Laki-laki,21,Belum Menikah,62,52,87,43,3.67,Lulus
,Jasmin Nurdiyanti,Perempuan,20,Belum Menikah,79,54,80,70,2.13,Lulus
,Garan Hartati,Perempuan,30,Belum Menikah,77,66,100,69,3.84,Lulus
,Cakrawala,Perempuan,28,Belum Menikah,60,58,61,85,2.67,Lulus
,Puspasari,Perempuan,26,Belum Menikah,84,95,40,82,2.03,Lulus
,Alika,Laki-laki,23,Belum Menikah,41,100,51,72,2.71,Lulus
,Diana,Perempuan,30,Belum Menikah,64,94,49,68,2.23,Lulus
,Teddy Agustina,Perempuan,29,Menikah,85,87,56,97,2.6,Lulus
,Tirtayasa Agustina,Perempuan,22,Menikah,87,98,86,43,2.66,Lulus
,Cut Elvina Usamah,Perempuan,24,Menikah,44,88,78,53,3.06,Lulus
,Hasta,Perempuan,29,Belum Menikah,82,85,43,84,2.75,Lulus
,Irnanto Hutagalung,Laki-laki,29,Menikah,42,70,81,86,3.25,Lulus
,Prabowo,Laki-laki,27,Menikah,88,74,84,74,3.81,Lulus
,Ian Iswahyudi,Laki-laki,21,Belum Menikah,70,91,65,58,2.24,Lulus
,Zahra Rajasa,Laki-laki,22,Menikah,64,95,49,42,3.87,Lulus
,Chelsea Padmasari,Laki-laki,21,Belum Menikah,87,90,55,93,2.53,Lulus
,Farida,Perempuan,27,Menikah,99,56,51,55,3.54,Lulus
,Kurnia,Laki-laki,27,Belum Menikah,75,96,46,47,3,Lulus
,Atmaja,Laki-laki,22,Belum Menikah,85,41,74,69,2.91,Lulus
,Agnes Lailasari,Laki-laki,27,Menikah,61,70,89,47,2.9,Lulus
,Nrima,Perempuan,23,Menikah,59,62,63,72,2.85,Lulus
,Tina,Laki-laki,24,Belum Menikah,47,87,79,97,2.17,Lulus
,Kasim,Perempuan,19,Menikah,77,77,65,73,2.58,Lulus
,Tina Halimah,Perempuan,24,Belum Menikah,45,81,44,56,3.59,Lulus
,Titi Wulandari,Perempuan,27,Belum Menikah,87,78,61,70,3.37,Lulus
,Ulya Prayoga,Laki-laki,20,Menikah,73,49,62,83,2.15,Lulus
,Jamal,Laki-laki,20,Menikah,41,43,44,64,2.05,Tidak
,Ifa Budiman,Laki-laki,28,Belum Menikah,70,89,93,85,3.29,Lulus
,Ibrani Permata,Perempuan,30,Belum Menikah,52,93,44,93,2.55,Lulus
,Padmi Andriani,Laki-laki,27,Belum Menikah,88,50,64,54,3.55,Lulus
,Bahuwirya Zulaika,Laki-laki,29,Menikah,69,52,41,68,3.7,Lulus
,Dodo Rahimah,Laki-laki,19,Menikah,48,60,85,62,3.94,Lulus
,Baktiono Kuswoyo,Laki-laki,29,Belum Menikah,94,62,65,83,3.12,Lulus
,Amalia Thamrin,Perempuan,19,Belum Menikah,99,50,84,75,2.59,Lulus
,Hassanah,Laki-laki,21,Belum Menikah,62,62,68,43,3.19,Lulus
,Diah Anggraini,Laki-laki,21,Belum Menikah,67,97,69,48,3.45,Lulus
,Tidak Diketahui,Laki-laki,21,Menikah,65,49,75,53,2.56,Lulus
,Ratna Rahayu,Laki-laki,25,Menikah,40,99,73,92,2.89,Lulus
,Arsipatra Yuniar,Laki-laki,26,Belum Menikah,75,73,84,63,3.42,Lulus
,Nurul Hidayat,Laki-laki,22,Belum Menikah,44,76,66,46,3.34,Lulus
,Faizah Rahayu,Laki-laki,26,Menikah,47,96,91,63,3.36,Lulus
,Cici Palastri,Perempuan,26,Belum Menikah,82,45,92,58,2.28,Lulus
,Purwa,Laki-laki,21,Menikah,48,69,51,83,3.28,Lulus
,Bajragin,Perempuan,20,Belum Menikah,60,88,55,98,3.86,Lulus
,Halimah,Laki-laki,27,Menikah,42,48,92,99,3.59,Lulus
,Eli,Perempuan,29,Belum Menikah,66,90,71,62,3.32,Lulus
,Karen,Perempuan,25,Menikah,80,71,81,91,2.43,Lulus
,Radika Anggraini,Laki-laki,27,Belum Menikah,40,85,67,64,3.49,Lulus
,Novi Namaga,Laki-laki,21,Menikah,80,87,57,84,2.54,Lulus
,Jasmin Firmansyah,Perempuan,29,Menikah,72,94,62,43,2.22,Lulus
,Cagak Hidayanto,Laki-laki,28,Belum Menikah,46,56,97,87,2.49,Lulus
,Febi Rajata,Perempuan,27,Belum Menikah,95,69,61,78,3.24,Lulus
,Paiman Permadi,Perempuan,21,Menikah,70,80,41,58,3.69,Lulus
,Cawuk Winarsih,Perempuan,22,Menikah,41,83,95,67,3.2,Lulus
,Uda Rajasa,Laki-laki,27,Menikah,72,86,48,89,2.83,Lulus
,Kiandra Nashiruddin,Perempuan,26,Belum Menikah,98,42,97,100,3.97,Lulus
,Warsa Prabowo,Laki-laki,21,Menikah,73,61,83,88,2.22,Lulus
,Harjasa Astuti,Perempuan,23,Menikah,45,67,71,80,2.4,Lulus
,Gawati Waskita,Perempuan,29,Menikah,61,46,82,99,2.62,Lulus
,Kayla Ardianto,Laki-laki,30,Belum Menikah,58,55,88,57,3.93,Lulus
,Cakrawala Prabowo,Perempuan,26,Belum Menikah,79,68,59,53,2.7,Lulus
,Pangestu Kusmawati,Laki-laki,20,Menikah,40,48,63,99,3.23,Lulus
,Puti Ina Ramadan,Perempuan,21,Menikah,94,56,70,65,2.42,Lulus
,Raden Tampubolon,Perempuan,20,Belum Menikah,48,40,84,95,2.31,Lulus
,Kariman Lailasari,Perempuan,23,Belum Menikah,61,61,62,63,2.34,Lulus
,Gangsa Thamrin,Laki-laki,19,Menikah,68,47,48,70,2.49,Tidak
,Cut Anastasia Usada,Laki-laki,27,Menikah,77,51,65,84,3.51,Lulus
,Kalim Halim,Laki-laki,23,Belum Menikah,73,47,98,48,2.19,Lulus
,Cut,Perempuan,29,Menikah,57,58,45,99,3.27,Lulus
,Tidak Diketahui,Perempuan,20,Menikah,90,99,73,66,3.86,Lulus
,Qori,Perempuan,26,Belum Menikah,66,70,92,79,2.62,Lulus
,Daryani Winarno,Laki-laki,20,Belum Menikah,90,76,63,64,2.68,Lulus
,Purwa Rahayu,Perempuan,23,Menikah,80,76,50,81,3.44,Lulus
,Prayitna,Laki-laki,27,Menikah,57,48,93,100,2.7,Lulus
,Violet Nababan,Perempuan,19,Belum Menikah,72,92,92,85,2.06,Lulus
,Dewi Wacana,Perempuan,21,Menikah,81,53,65,64,3.4,Lulus
,Pradana,Laki-laki,28,Belum Menikah,69,40,71,92,2.81,Lulus
,Faizah Zulaika,Perempuan,24,Menikah,98,82,62,92,2.97,Lulus
,Hana,Laki-laki,19,Belum Menikah,44,42,66,56,2.85,Tidak
,Asmuni Nababan,Laki-laki,20,Belum Menikah,69,87,60,53,3.47,Lulus
,Tiara Puspasari,Laki-laki,20,Belum Menikah,76,84,83,80,2.52,Lulus
,Usamah,Laki-laki,24,Belum Menikah,66,65,78,57,2.04,Lulus
,Banawi Iswahyudi,Perempuan,27,Menikah,81,45,78,43,3.36,Lulus
,Farah,Laki-laki,23,Belum Menikah,50,70,82,81,2.96,Lulus
,Wahyudin,Laki-laki,30,Menikah,72,68,73,44,2.11,Lulus
,Budiyanto,Laki-laki,24,Belum Menikah,46,45,59,93,3.41,Lulus
,Puti Lazuardi,Perempuan,26,Menikah,69,63,45,57,2.42,Tidak
,Bella,Perempuan,20,Menikah,84,70,64,54,2.97,Lulus
,Clara Nainggolan,Laki-laki,21,Menikah,71,43,86,62,3.37,Lulus
,Nugraha Wibisono,Laki-laki,21,Menikah,65,84,46,80,2.02,Lulus
,Paramita Nuraini,Laki-laki,19,Menikah,91,87,81,96,3.49,Lulus
,Putri Nainggolan,Perempuan,29,Belum Menikah,86,98,43,93,2.67,Lulus
,Legawa,Perempuan,25,Menikah,56,63,79,100,2.13,Lulus
,Kuncara Wahyuni,Perempuan,29,Menikah,58,85,48,95,3.82,Lulus
,Puji,Perempuan,20,Belum Menikah,82,87,74,87,2.84,Lulus
,Rika,Perempuan,29,Belum Menikah,83,96,40,76,3.06,Lulus
,Chelsea Waluyo,Perempuan,26,Menikah,79,90,54,41,3.82,Lulus
,Gamani Napitupulu,Perempuan,24,Belum Menikah,98,60,68,73,2.37,Lulus
,Qori Nababan,Laki-laki,29,Belum Menikah,41,80,96,48,2.57,Lulus
,Kamaria Puspita,Perempuan,30,Menikah,40,53,81,84,2.26,Lulus
,Candra Uyainah,Perempuan,23,Belum Menikah,47,83,64,44,2.21,Tidak
,Oliva Wulandari,Laki-laki,29,Belum Menikah,94,45,81,95,3.96,Lulus
,Hasanah,Laki-laki,19,Belum Menikah,43,94,70,76,3.48,Lulus
,Zizi Puspita,Laki-laki,22,Belum Menikah,79,72,71,100,2.89,Lulus
,Lailasari,Laki-laki,28,Menikah,81,44,42,62,3.76,Lulus
,Puti Puspita,Perempuan,23,Belum Menikah,53,43,76,42,3.81,Lulus
,Prabawa Firgantoro,Laki-laki,23,Belum Menikah,43,74,77,68,3.41,Lulus
,Caket Farida,Perempuan,21,Menikah,75,70,40,95,3.51,Lulus
,Wakiman Nainggolan,Perempuan,19,Belum Menikah,56,41,55,88,3.23,Lulus
,Langgeng Putra,Perempuan,25,Belum Menikah,96,94,94,93,2.08,Lulus
,Jessica Zulkarnain,Perempuan,26,Menikah,45,79,86,48,3.47,Lulus
,Genta,Perempuan,23,Menikah,55,70,92,85,2.57,Lulus
,Elvina Wastuti,Perempuan,22,Belum Menikah,67,80,98,76,3.66,Lulus
,Tami,Perempuan,25,Menikah,75,49,92,53,2.05,Lulus
,Wani Kuswoyo,Laki-laki,22,Belum Menikah,58,79,91,72,3.92,Lulus
,Viman Adriansyah,Perempuan,29,Menikah,70,86,71,88,3.23,Lulus
,Diana,Laki-laki,20,Belum Menikah,80,55,73,79,2.07,Lulus
,Lala,Perempuan,29,Menikah,75,52,63,99,3.74,Lulus
,Danu,Laki-laki,27,Menikah,40,78,59,43,2.98,Tidak
,Padmasari,Perempuan,22,Belum Menikah,48,53,93,94,2.62,Lulus
,Nadia,Laki-laki,23,Belum Menikah,66,40,78,73,2.17,Lulus
,Hidayanto,Perempuan,30,Menikah,69,72,52,51,3.78,Lulus
,Luthfi Agustina,Perempuan,23,Belum Menikah,82,88,71,50,3.38,Lulus
,Dariati Nuraini,Laki-laki,30,Menikah,40,52,76,48,2.17,Tidak
,Rajata,Laki-laki,30,Menikah,60,42,45,95,2.81,Lulus
,Tidak Diketahui,Perempuan,22,Belum Menikah,54,42,43,84,2.05,Tidak
,Victoria,Laki-laki,27,Menikah,90,60,48,61,2.31,Lulus
,Talia Prayoga,Perempuan,27,Menikah,93,43,76,53,2.51,Lulus
,Juli Anggraini,Laki-laki,24,Belum Menikah,96,48,64,55,3.4,Lulus
,Prabowo Budiman,Perempuan,25,Menikah,78,56,45,72,2.4,Lulus
,Banara Usada,Perempuan,24,Belum Menikah,63,83,41,57,3.35,Lulus
,Fitria Pranowo,Perempuan,25,Menikah,54,85,42,68,2.99,Lulus
,Yessi,Perempuan,21,Menikah,92,41,61,43,2.87,Lulus
,Haryanti,Perempuan,23,Menikah,74,53,80,47,3.81,Lulus
,Puti Widodo,Laki-laki,22,Belum Menikah,83,73,56,86,2.36,Lulus
,Utama,Perempuan,22,Menikah,58,62,88,58,2.79,Lulus
,Hartaka Hidayat,Laki-laki,21,Menikah,43,58,82,82,2.47,Lulus
,Kasiyah Agustina,Perempuan,26,Belum Menikah,47,49,45,57,2.78,Tidak
,Rahayu Widiastuti,Perempuan,28,Menikah,50,92,57,47,2.51,Lulus
,Irma Gunarto,Laki-laki,19,Menikah,76,50,97,50,3.05,Lulus
,Uda Wijaya,Laki-laki,22,Menikah,77,96,92,51,3.32,Lulus
,Titin Yulianti,Laki-laki,25,Menikah,78,91,96,98,3.3,Lulus
,Rahmat Zulaika,Laki-laki,22,Menikah,81,60,43,58,2.68,Lulus
,Daru Halim,Perempuan,22,Menikah,49,82,59,53,3.2,Lulus
,Hilda Pradipta,Perempuan,25,Belum Menikah,80,98,49,81,2.18,Lulus
,Jatmiko,Laki-laki,26,Belum Menikah,67,77,41,83,2.53,Lulus
,Endah Widiastuti,Laki-laki,23,Menikah,66,87,100,90,3.73,Lulus
,Wawan Tarihoran,Laki-laki,21,Belum Menikah,82,48,48,65,3.22,Lulus
,Agnes Najmudin,Perempuan,19,Menikah,56,92,74,72,2.36,Lulus
,Kasiyah,Perempuan,25,Menikah,66,74,75,66,3.12,Lulus
,Wasita,Laki-laki,30,Belum Menikah,54,45,95,84,3.07,Lulus
,Hardana Prabowo,Perempuan,22,Menikah,98,78,82,92,3.9,Lulus
,Luluh Prayoga,Perempuan,21,Belum Menikah,48,91,87,94,3.99,Lulus
,Restu,Laki-laki,27,Belum Menikah,98,47,59,88,3.11,Lulus
,Lalita Wahyuni,Perempuan,29,Belum Menikah,50,68,80,43,2.72,Lulus
,Kezia Purwanti,Perempuan,21,Belum Menikah,40,70,58,99,2.84,Lulus
,Karman Gunarto,Laki-laki,20,Menikah,91,61,72,55,2.92,Lulus
,Wahyu Anggraini,Perempuan,20,Belum Menikah,42,51,44,72,2.23,Tidak
,Laras Winarsih,Perempuan,24,Belum Menikah,83,40,50,48,3.8,Lulus
,Lestari,Laki-laki,27,Menikah,53,50,61,83,3.69,Lulus
,Puti Cindy Nasyiah,Laki-laki,25,Belum Menikah,63,90,94,57,2.5,Lulus
,Nugraha,Laki-laki,23,Menikah,69,59,60,95,2.05,Lulus
,Ella Hariyah,Laki-laki,19,Menikah,81,51,48,69,3.24,Lulus
,Harto Halim,Laki-laki,29,Belum Menikah,69,78,44,41,2.56,Tidak
,Oskar,Laki-laki,30,Belum Menikah,97,63,63,65,2.59,Lulus
,Betania,Laki-laki,27,Menikah,46,84,47,54,2.62,Tidak
,Puti Ella Lestari,Laki-laki,28,Belum Menikah,74,78,95,51,3.55,Lulus
,Tina Budiman,Perempuan,25,Menikah,96,67,77,84,2.02,Lulus
,Latif Narpati,Perempuan,20,Menikah,42,59,54,57,3.79,Lulus
,Cut Azalea Nugroho,Laki-laki,25,Belum Menikah,68,78,96,81,3.75,Lulus
,Chelsea Wahyuni,Laki-laki,26,Belum Menikah,82,97,42,86,3.69,Lulus
,Alika Prasasta,Perempuan,19,Menikah,79,79,74,90,2.61,Lulus
,Tidak Diketahui,Laki-laki,25,Menikah,87,41,56,86,3.26,Lulus
,Natsir,Laki-laki,28,Menikah,52,78,66,70,3.28,Lulus
,Zamira Fujiati,Laki-laki,21,Menikah,45,66,65,80,2.45,Lulus
,Kenes Haryanti,Perempuan,22,Menikah,55,92,53,68,3.35,Lulus
,Raina,Perempuan,23,Menikah,73,42,74,92,3.11,Lulus
,Ivan Habibi,Laki-laki,30,Belum Menikah,97,80,72,47,3,Lulus
,Azalea,Perempuan,24,Menikah,93,89,81,42,2.74,Lulus
,Rosman,Perempuan,25,Belum Menikah,43,93,66,43,3.55,Lulus
,Lidya Wastuti,Laki-laki,29,Menikah,87,100,76,95,3.37,Lulus
,Laksita,Laki-laki,20,Belum Menikah,67,62,77,94,2.24,Lulus
,Tira Oktaviani,Laki-laki,25,Belum Menikah,74,78,95,45,3.35,Lulus
,Alika Permadi,Laki-laki,22,Menikah,97,52,76,43,3.53,Lulus
,Galih,Laki-laki,29,Menikah,60,75,74,92,3.85,Lulus
,Wira Nashiruddin,Perempuan,22,Belum Menikah,92,93,44,52,3.56,Lulus
,Paulin Laksita,Perempuan,29,Menikah,60,61,42,65,2.31,Tidak
,Keisha Kusmawati,Perempuan,29,Belum Menikah,59,87,79,89,3.07,Lulus
,Bakiono Adriansyah,Laki-laki,26,Belum Menikah,94,44,46,58,3.1,Lulus
,Aryani,Perempuan,20,Belum Menikah,98,80,91,77,3.07,Lulus
,Ghaliyati Astuti,Laki-laki,22,Belum Menikah,94,54,95,75,2.12,Lulus
,Rafid Hassanah,Perempuan,22,Menikah,42,95,76,50,3.5,Lulus
,Budi Rahmawati,Laki-laki,20,Menikah,88,60,96,96,2.93,Lulus
,Hesti Yulianti,Laki-laki,28,Menikah,79,59,66,83,3.2,Lulus
,Kezia Wijayanti,Perempuan,27,Belum Menikah,83,96,86,55,2.01,Lulus
,Warji,Perempuan,19,Belum Menikah,88,45,99,40,3.55,Lulus
,Nasim Natsir,Laki-laki,26,Belum Menikah,52,91,55,45,2.05,Tidak
,Pratiwi,Perempuan,27,Belum Menikah,60,64,75,93,2.47,Lulus
,Tasnim,Perempuan,27,Menikah,78,85,95,73,2.04,Lulus
,Zizi Nurdiyanti,Perempuan,19,Menikah,84,83,50,74,2.29,Lulus
,Elon Thamrin,Perempuan,25,Menikah,94,54,40,81,2.71,Lulus
,Uda Fujiati,Laki-laki,21,Belum Menikah,85,64,90,78,3.29,Lulus
,Prayoga,Perempuan,25,Belum Menikah,63,48,75,58,2.84,Lulus
,Hendra Usamah,Perempuan,30,Menikah,78,55,61,87,3.18,Lulus
,Yunita,Laki-laki,20,Belum Menikah,55,45,90,81,3.25,Lulus
,Puput,Laki-laki,20,Menikah,54,96,59,41,2.76,Lulus
,Oman Agustina,Laki-laki,19,Belum Menikah,64,46,53,57,3.09,Tidak
,Nasab Gunarto,Laki-laki,28,Belum Menikah,92,43,55,71,3.43,Lulus
,Laila Dabukke,Laki-laki,29,Belum Menikah,54,45,79,42,3.97,Lulus
,Danu Wasita,Perempuan,20,Menikah,93,91,87,88,2.97,Lulus
,Talia Hardiansyah,Laki-laki,22,Menikah,50,77,62,64,2.16,Lulus
,Gatra Nugroho,Perempuan,28,Belum Menikah,63,93,53,96,2.97,Lulus
,Lukman Permata,Laki-laki,19,Menikah,87,45,100,51,3.92,Lulus
,Natsir,Perempuan,30,Menikah,85,45,75,77,2.13,Lulus
,Kasim Hastuti,Perempuan,27,Belum Menikah,76,53,43,41,3.51,Lulus
,Ibrani Utami,Perempuan,19,Belum Menikah,74,45,53,62,3.3,Lulus
,Jarwadi Kuswandari,Laki-laki,23,Belum Menikah,66,68,41,76,3.93,Lulus
,Vino Natsir,Perempuan,21,Belum Menikah,65,93,84,80,2.3,Lulus
,Jagaraga Laksmiwati,Laki-laki,29,Belum Menikah,78,98,96,87,3.51,Lulus
,Harjasa Palastri,Perempuan,23,Belum Menikah,50,79,88,77,2.25,Lulus
,Usman Pradana,Laki-laki,29,Menikah,43,98,61,96,2.2,Lulus
,Eva,Laki-laki,25,Belum Menikah,93,51,54,99,2.5,Lulus
,Puti Tami,Laki-laki,29,Menikah,43,71,52,83,3.08,Lulus
,Adika,Laki-laki,24,Belum Menikah,45,75,97,57,2.81,Lulus
,Pia Jailani,Perempuan,25,Belum Menikah,47,70,100,97,3.64,Lulus
,Labuh,Laki-laki,25,Belum Menikah,55,64,68,41,3.07,Lulus
,Arsipatra Latupono,Perempuan,28,Belum Menikah,82,56,99,53,2.85,Lulus
,Yunita Hariyah,Perempuan,29,Belum Menikah,83,89,61,71,2.49,Lulus
,Hardi Latupono,Perempuan,20,Menikah,70,83,92,92,2.83,Lulus
,Rachel,Perempuan,29,Menikah,96,97,45,52,3.31,Lulus
,Kanda Winarsih,Perempuan,25,Belum Menikah,86,86,63,89,3.54,Lulus
,Cemani Pranowo,Perempuan,27,Menikah,90,91,58,81,3.87,Lulus
,Atma Permadi,Perempuan,30,Menikah,85,88,62,42,3.9,Lulus
,Tira Padmasari,Laki-laki,25,Menikah,43,67,44,60,3.03,Tidak
,Kasiyah Agustina,Laki-laki,27,Menikah,60,66,49,96,3.5,Lulus
,Hassanah,Perempuan,26,Belum Menikah,67,65,83,73,3.51,Lulus
,Harto Pradipta,Laki-laki,19,Menikah,97,68,71,49,2.46,Lulus
,Genta Novitasari,Perempuan,21,Belum Menikah,66,64,58,94,3.21,Lulus
,Febi Zulaika,Perempuan,28,Menikah,54,54,40,64,2.14,Tidak
,Adinata Prasetyo,Perempuan,24,Belum Menikah,93,45,54,52,3.59,Lulus
,Hana Yuniar,Perempuan,27,Belum Menikah,45,54,96,65,3.93,Lulus
,Yessi Zulaika,Laki-laki,29,Menikah,41,50,89,76,3.12,Lulus
,Zelaya Zulaika,Laki-laki,25,Menikah,46,43,77,61,3.14,Lulus
,Kamaria,Perempuan,28,Belum Menikah,99,87,92,53,2.17,Lulus
,Jayadi Prasasta,Laki-laki,23,Menikah,76,99,47,73,2.05,Lulus
,Rusman,Laki-laki,25,Menikah,51,87,75,78,3.18,Lulus
,Ade Utami,Perempuan,29,Menikah,100,40,48,94,3.27,Lulus
,Kamaria,Perempuan,28,Belum Menikah,90,46,41,53,2.73,Tidak
,Putri,Perempuan,21,Belum Menikah,96,62,72,89,3.01,Lulus
,Olga Astuti,Perempuan,21,Belum Menikah,64,66,53,59,2.7,Lulus
,Lukman Wibisono,Laki-laki,20,Menikah,86,43,88,96,3.08,Lulus
,Tidak Diketahui,Perempuan,25,Menikah,51,86,63,48,2.44,Lulus
,Kanda,Laki-laki,26,Menikah,52,79,71,94,2.39,Lulus
,Hartana,Laki-laki,22,Belum Menikah,46,94,99,60,3.2,Lulus
,Okta Fujiati,Laki-laki,26,Menikah,72,45,83,61,2.81,Lulus
,Jagaraga,Perempuan,28,Menikah,94,53,96,96,3.48,Lulus
,Danang,Perempuan,30,Belum Menikah,49,86,55,97,3.34,Lulus
,Chelsea Hassanah,Perempuan,23,Menikah,52,51,97,44,3.7,Lulus
,Cut Ami Anggraini,Perempuan,27,Menikah,43,56,96,88,2.45,Lulus
,Zelda Prasetya,Laki-laki,19,Belum Menikah,74,88,80,98,2.52,Lulus
,Prayitna Damanik,Laki-laki,24,Belum Menikah,72,70,93,62,3.76,Lulus
,Bakda Usamah,Perempuan,28,Menikah,60,74,80,91,3.91,Lulus
,Putri Hutasoit,Perempuan,21,Belum Menikah,47,95,40,50,3.8,Lulus
,Luluh Yulianti,Perempuan,28,Menikah,52,88,60,46,3.08,Lulus
,Titi Ardianto,Laki-laki,28,Menikah,50,100,62,99,3.8,Lulus
,Tri,Perempuan,21,Belum Menikah,97,73,93,52,2.22,Lulus
,Bajragin Handayani,Laki-laki,25,Belum Menikah,82,68,69,43,2.92,Lulus
,Rama Winarsih,Perempuan,24,Menikah,65,98,88,83,3.13,Lulus
,Citra,Laki-laki,20,Menikah,53,44,70,90,2.47,Lulus
,Irma Haryanti,Laki-laki,22,Menikah,69,89,48,100,2.54,Lulus
,Ulva Prayoga,Laki-laki,23,Menikah,42,60,54,42,3.75,Tidak
,Cawisadi Zulkarnain,Laki-laki,23,Menikah,56,60,52,69,3.94,Lulus
,Kania Nababan,Laki-laki,28,Belum Menikah,78,45,48,62,3.69,Lulus
,Cemplunk Wibowo,Laki-laki,28,Belum Menikah,74,56,93,47,2.92,Lulus
,Atmaja Nuraini,Perempuan,20,Menikah,51,80,71,77,3.14,Lulus
,Indra Napitupulu,Laki-laki,20,Menikah,49,75,43,93,2.81,Lulus
,Tasdik Haryanti,Perempuan,30,Belum Menikah,82,84,80,77,3.02,Lulus
,Puspa Wahyuni,Laki-laki,21,Belum Menikah,94,46,76,69,2.19,Lulus
,Hana Pratiwi,Laki-laki,30,Menikah,79,91,80,100,3.49,Lulus
,Kuncara Rajata,Perempuan,27,Belum Menikah,79,73,44,65,2.74,Lulus
,Usada,Perempuan,29,Menikah,60,68,86,78,2.97,Lulus
,Prasasta,Perempuan,24,Belum Menikah,88,78,70,52,2.02,Lulus
,Panca Hassanah,Laki-laki,28,Belum Menikah,65,80,50,54,3.76,Lulus
,Harjaya Narpati,Laki-laki,30,Belum Menikah,62,96,82,50,3.35,Lulus
,Tiara Hartati,Laki-laki,30,Menikah,61,65,85,91,2.16,Lulus
,Kamila,Perempuan,24,Menikah,44,82,47,61,2.26,Tidak
,Hilda Nababan,Perempuan,24,Menikah,71,61,85,98,2.56,Lulus
,Gandewa,Perempuan,24,Belum Menikah,61,53,77,62,3.88,Lulus
,Kala Nasyidah,Laki-laki,30,Belum Menikah,58,89,69,60,2.67,Lulus
,Gasti Pradipta,Perempuan,28,Belum Menikah,59,93,71,72,2.31,Lulus
,Ibun Wastuti,Laki-laki,29,Belum Menikah,99,40,41,75,3.05,Lulus
,Gading Padmasari,Perempuan,25,Menikah,85,50,57,91,3.3,Lulus
,Genta Hartati,Perempuan,22,Belum Menikah,46,82,62,95,2.02,Lulus
,Artanto Wijaya,Laki-laki,24,Menikah,81,53,87,50,3.64,Lulus
,Luhung Wasita,Laki-laki,25,Belum Menikah,83,69,63,84,3.96,Lulus
,Pranowo,Laki-laki,28,Menikah,78,63,90,79,3.35,Lulus
,Rina Hastuti,Laki-laki,27,Menikah,57,94,89,99,2.45,Lulus
,Prakasa,Perempuan,19,Belum Menikah,86,69,59,83,2.8,Lulus
,Firgantoro,Laki-laki,23,Belum Menikah,57,60,87,90,2.68,Lulus
,Teguh,Laki-laki,29,Belum Menikah,48,63,68,61,2.94,Lulus
,Devi Uyainah,Perempuan,21,Menikah,97,82,69,52,2.38,Lulus
,Farida,Laki-laki,26,Menikah,93,53,78,42,2.04,Lulus
,Kasiyah Prasetya,Perempuan,21,Menikah,56,97,58,40,2.89,Lulus
,Raharja Wijaya,Perempuan,25,Menikah,57,91,83,85,2.2,Lulus
,Cinta,Laki-laki,21,Belum Menikah,53,87,67,52,2.94,Lulus
,Betania Pudjiastuti,Perempuan,27,Menikah,98,82,69,92,2.94,Lulus
,Kezia,Perempuan,26,Belum Menikah,77,83,71,84,3.74,Lulus
,Pangeran,Perempuan,20,Belum Menikah,98,95,85,51,3.94,Lulus
,Karma Puspasari,Laki-laki,25,Menikah,43,76,77,92,2.88,Lulus
,Widya Palastri,Perempuan,24,Menikah,68,44,53,91,2.52,Lulus
,Wage Wijayanti,Laki-laki,22,Belum Menikah,51,71,85,74,2.77,Lulus
,Wacana,Laki-laki,19,Menikah,81,62,49,93,2.03,Lulus
,Ayu Astuti,Perempuan,19,Menikah,66,93,44,100,3.14,Lulus
,Aswani Habibi,Laki-laki,28,Belum Menikah,51,94,98,49,3.22,Lulus
,Vero Damanik,Perempuan,27,Menikah,61,80,66,88,3.46,Lulus
,Hilda Aryani,Laki-laki,24,Menikah,49,87,83,45,2.85,Lulus
,Hardiansyah,Perempuan,19,Menikah,75,60,91,75,3.65,Lulus
,Titi Gunarto,Perempuan,30,Menikah,65,83,56,58,2.79,Lulus
,Ade,Perempuan,22,Menikah,87,95,52,64,3.34,Lulus
,Lala,Perempuan,26,Belum Menikah,98,57,58,57,3.06,Lulus
,Azalea Permata,Laki-laki,25,Menikah,79,84,48,43,3.95,Lulus
,Kartika Pradana,Perempuan,28,Belum Menikah,83,60,58,69,2.25,Lulus
,Titi Rajata,Perempuan,28,Belum Menikah,84,41,99,52,3.67,Lulus
,Hafshah Widodo,Perempuan,24,Menikah,47,41,75,100,3.91,Lulus
,Budi Handayani,Laki-laki,23,Menikah,54,58,77,60,2.91,Lulus
,Opan,Laki-laki,30,Menikah,50,71,82,85,3.27,Lulus
,Vivi Novitasari,Laki-laki,20,Menikah,53,93,42,89,2.07,Lulus
,Prasetya,Perempuan,28,Belum Menikah,89,64,81,41,3.87,Lulus
,Dinda,Laki-laki,27,Belum Menikah,54,42,83,53,3.7,Lulus
,Baktianto Nashiruddin,Laki-laki,26,Menikah,53,46,40,76,3.42,Lulus
,Lidya Pangestu,Perempuan,24,Belum Menikah,67,41,94,60,3.37,Lulus
,Luwar Prastuti,Laki-laki,25,Menikah,80,67,91,75,2.47,Lulus
,Damanik,Perempuan,30,Belum Menikah,58,87,98,57,3.5,Lulus
,Ifa Adriansyah,Perempuan,28,Belum Menikah,40,54,52,92,2.84,Lulus
,Bagas Pratiwi,Laki-laki,19,Menikah,55,70,64,65,2.24,Lulus
,Intan,Perempuan,20,Belum Menikah,59,43,81,59,3.46,Lulus
,Cinta,Laki-laki,21,Menikah,80,83,64,65,3.47,Lulus
,Vino Halim,Perempuan,26,Menikah,53,91,71,42,2.93,Lulus
,Tugiman Iswahyudi,Laki-laki,21,Belum Menikah,92,100,93,73,2.97,Lulus
,Emin Nasyidah,Laki-laki,29,Belum Menikah,61,89,40,95,2.5,Lulus
,Nugraha,Perempuan,24,Belum Menikah,100,63,51,70,3.83,Lulus
,Jaka Dabukke,Laki-laki,25,Menikah,55,57,72,97,3.58,Lulus
,Yosef Hidayat,Laki-laki,19,Menikah,74,95,87,69,3.17,Lulus
,Wulandari,Laki-laki,20,Belum Menikah,89,75,79,81,3.33,Lulus
,Empluk Rahimah,Laki-laki,28,Belum Menikah,79,57,74,86,2.85,Lulus
,Zamira Andriani,Laki-laki,20,Belum Menikah,74,89,42,63,2.93,Lulus
,Puji,Laki-laki,19,Menikah,69,62,81,60,3.55,Lulus
,Prastuti,Perempuan,20,Belum Menikah,83,49,48,93,3.59,Lulus
,Nugroho,Laki-laki,21,Belum Menikah,72,84,63,79,2.13,Lulus
,Oskar Puspasari,Laki-laki,19,Belum Menikah,91,57,72,94,3.4,Lulus
,Harjo Adriansyah,Perempuan,27,Menikah,92,90,79,91,3.24,Lulus
,Kani Wibisono,Laki-laki,24,Belum Menikah,68,90,83,49,2.95,Lulus
,Puti Adriansyah,Laki-laki,25,Belum Menikah,81,99,73,46,3.95,Lulus
,Laksana Pranowo,Laki-laki,29,Menikah,50,70,45,90,3.1,Lulus
,Amalia Wibowo,Laki-laki,19,Belum Menikah,90,71,90,85,2.81,Lulus
,Yunita,Laki-laki,19,Belum Menikah,50,89,57,87,3.83,Lulus
,Amalia Hasanah,Perempuan,24,Menikah,74,99,55,92,2.87,Lulus
,Raisa Pertiwi,Perempuan,29,Belum Menikah,76,72,98,48,3.25,Lulus
,Putri Uyainah,Perempuan,20,Menikah,72,90,67,81,2.49,Lulus
,Ivan Gunarto,Laki-laki,22,Belum Menikah,75,52,41,70,2.2,Tidak
,Nadine Budiman,Perempuan,26,Belum Menikah,45,78,91,42,2.78,Lulus
,Paramita,Perempuan,30,Menikah,79,78,76,64,3.09,Lulus
,Ismail Puspita,Perempuan,28,Menikah,85,59,94,77,2.47,Lulus
,Putri Wibisono,Laki-laki,27,Belum Menikah,62,98,43,98,2.9,Lulus
,Jumari Utami,Perempuan,27,Menikah,55,80,60,97,3.64,Lulus
,Dian Hastuti,Perempuan,28,Menikah,76,81,98,89,3.84,Lulus
,Karimah Pertiwi,Perempuan,29,Belum Menikah,53,92,56,49,3.29,Lulus
,Nrima,Laki-laki,23,Menikah,52,89,52,49,2.32,Lulus
,Uchita Nugroho,Laki-laki,19,Belum Menikah,62,64,93,84,3.57,Lulus
,Oni Pratiwi,Perempuan,25,Belum Menikah,60,77,65,43,2.91,Lulus
,Nadia Kuswoyo,Perempuan,22,Menikah,88,80,79,79,3.53,Lulus
,Kawaya Usada,Laki-laki,29,Menikah,99,58,76,55,3.99,Lulus
,Bahuraksa Januar,Perempuan,23,Belum Menikah,48,93,81,84,2.04,Lulus
,Winarno,Perempuan,23,Menikah,94,84,70,75,3.4,Lulus
,Raharja,Laki-laki,30,Belum Menikah,51,64,78,74,3.83,Lulus
,Gading Narpati,Laki-laki,29,Belum Menikah,43,87,92,54,2.44,Lulus
,Qori Prasetyo,Laki-laki,30,Menikah,92,87,48,68,3.95,Lulus
,Jindra Pradipta,Laki-laki,30,Belum Menikah,46,96,43,68,2.01,Lulus
,Talia,Perempuan,26,Belum Menikah,95,85,73,45,2.58,Lulus
,Hesti Nugroho,Laki-laki,30,Belum Menikah,87,62,100,65,3.98,Lulus
,Zizi Prastuti,Perempuan,26,Menikah,77,92,75,44,2.42,Lulus
,Puti Irawan,Perempuan,27,Menikah,61,63,62,93,2.76,Lulus
,Puji Widodo,Perempuan,30,Menikah,96,72,60,90,3.87,Lulus
,Jagaraga Hutapea,Laki-laki,23,Menikah,69,100,42,89,3.77,Lulus
,Rahayu,Laki-laki,23,Menikah,69,79,48,40,2.76,Lulus
,Rahayu Purwanti,Laki-laki,20,Belum Menikah,54,58,73,62,3.63,Lulus
,Danu Zulaika,Laki-laki,30,Menikah,65,81,66,60,2.49,Lulus
,Iriana Firgantoro,Perempuan,25,Belum Menikah,89,42,50,94,2.25,Lulus
,Balamantri Rahimah,Laki-laki,19,Belum Menikah,89,42,53,72,3.06,Lulus
,Lasmono Purwanti,Perempuan,26,Belum Menikah,98,45,68,67,3.68,Lulus
,Lidya,Perempuan,21,Menikah,55,90,75,49,2.85,Lulus
,Prayoga Hardiansyah,Perempuan,23,Menikah,89,89,60,99,2.88,Lulus
,Nasab Nainggolan,Perempuan,24,Belum Menikah,55,95,55,88,3.89,Lulus
,Lili Haryanti,Laki-laki,20,Menikah,98,46,41,86,2.56,Lulus
,Hamima,Laki-laki,30,Menikah,56,79,45,84,2.13,Lulus
,Jagaraga Nugroho,Perempuan,29,Menikah,90,95,89,85,3.93,Lulus
,Xanana,Laki-laki,25,Belum Menikah,45,46,88,65,3.86,Lulus
,Irsad Hakim,Perempuan,27,Menikah,96,42,78,61,2.85,Lulus
,Abyasa Nababan,Laki-laki,21,Belum Menikah,87,72,60,51,2.82,Lulus
,Prabowo,Laki-laki,24,Menikah,91,85,93,83,2.53,Lulus
,Emong Hutagalung,Perempuan,22,Belum Menikah,70,70,100,45,3.69,Lulus
,Winda,Perempuan,22,Menikah,42,65,57,48,3.73,Lulus
,Prabu Nugroho,Perempuan,23,Menikah,81,98,75,47,2.09,Lulus
,Elma Wulandari,Laki-laki,20,Menikah,71,59,81,50,2.53,Lulus
,Ulya,Perempuan,20,Belum Menikah,85,89,74,45,3.4,Lulus
,Belinda Nainggolan,Laki-laki,28,Menikah,51,49,66,88,3.75,Lulus
,Titi Tampubolon,Perempuan,24,Menikah,96,46,41,54,2.5,Tidak
,Gamanto Kusumo,Perempuan,27,Belum Menikah,84,64,47,49,2.27,Lulus
,Tidak Diketahui,Laki-laki,25,Menikah,95,47,72,73,2.6,Lulus
,Riyanti,Perempuan,28,Menikah,75,58,66,52,3.75,Lulus
,Titin,Perempuan,19,Menikah,93,85,85,91,2.7,Lulus
,Jagaraga Budiman,Perempuan,22,Belum Menikah,76,60,80,41,3.64,Lulus
,Asirwanda Purwanti,Laki-laki,25,Belum Menikah,84,75,84,64,2.67,Lulus
,Putri Yuliarti,Laki-laki,24,Belum Menikah,41,91,55,73,3.33,Lulus
,Intan Thamrin,Laki-laki,23,Belum Menikah,92,72,66,44,2.13,Lulus
,Puti Zelda Tampubolon,Laki-laki,23,Menikah,43,92,63,47,2.87,Lulus
,Vanya Permadi,Perempuan,19,Menikah,45,71,68,81,2.73,Lulus
,Paris Pratama,Perempuan,28,Menikah,69,76,48,65,2.58,Lulus
,Rachel,Laki-laki,28,Menikah,70,100,55,50,3.67,Lulus
,Hassanah,Laki-laki,26,Belum Menikah,65,60,40,95,3.96,Lulus
,Ratih,Perempuan,22,Belum Menikah,65,65,60,62,3.16,Lulus
,Restu Pangestu,Perempuan,24,Belum Menikah,68,92,60,86,3.13,Lulus
,Bakti Prayoga,Perempuan,23,Menikah,75,97,52,84,3.01,Lulus
,Eko,Laki-laki,27,Menikah,52,84,48,82,2.58,Lulus
,Ella Jailani,Laki-laki,22,Menikah,97,57,59,80,3.47,Lulus
,Umi Nababan,Perempuan,28,Menikah,93,47,61,96,2.59,Lulus
,Aisyah,Laki-laki,20,Menikah,70,72,64,45,3.21,Lulus
,Dimaz Hasanah,Perempuan,27,Belum Menikah,91,80,98,78,2.55,Lulus
,Waluyo Prakasa,Perempuan,29,Menikah,94,48,55,80,3.83,Lulus
,Ibrahim Rahayu,Laki-laki,30,Belum Menikah,48,97,87,66,2.07,Lulus
,Ulya,Laki-laki,21,Menikah,48,83,86,56,2.81,Lulus
,Pradana,Perempuan,28,Menikah,80,90,70,98,3.15,Lulus
,Limar,Laki-laki,27,Belum Menikah,61,85,99,99,3.57,Lulus
,Lintang Rahayu,Laki-laki,24,Menikah,63,76,87,68,2.57,Lulus
,Kiandra Pradipta,Laki-laki,25,Menikah,80,46,83,74,3.61,Lulus
,Paris Oktaviani,Perempuan,25,Belum Menikah,86,66,55,98,3,Lulus
,Rina,Laki-laki,27,Menikah,96,95,83,100,3.2,Lulus
,Cut Lidya Dabukke,Perempuan,23,Menikah,62,62,86,93,3.18,Lulus
,Karen Aryani,Perempuan,25,Menikah,40,86,71,48,3.82,Lulus
,Titi Astuti,Laki-laki,27,Menikah,97,80,82,95,2.35,Lulus
,Lalita Permadi,Perempuan,21,Menikah,80,41,100,70,3.56,Lulus
,Lintang,Laki-laki,24,Belum Menikah,95,45,68,100,2.04,Lulus
,Adinata Winarno,Perempuan,26,Belum Menikah,96,46,65,68,2.65,Lulus
,Ade Rahayu,Perempuan,20,Menikah,59,85,40,73,2.21,Lulus
,Aslijan Nurdiyanti,Laki-laki,22,Menikah,57,85,77,89,3.29,Lulus
,Pangeran Wasita,Laki-laki,20,Belum Menikah,47,64,86,86,3.71,Lulus
,Virman Januar,Perempuan,29,Belum Menikah,57,51,87,73,3.49,Lulus
,Restu Prasasta,Laki-laki,20,Menikah,54,65,95,95,3.7,Lulus
,Kenari Zulkarnain,Perempuan,19,Menikah,55,48,58,73,3.54,Lulus
,Puti Bella Purnawati,Laki-laki,24,Belum Menikah,50,92,96,78,2.91,Lulus
,Napitupulu,Laki-laki,26,Menikah,91,70,60,75,3.48,Lulus
,Padma Permata,Perempuan,24,Menikah,55,92,53,62,3.8,Lulus
,Gilda,Perempuan,25,Belum Menikah,100,65,88,75,3.93,Lulus
,Okto Nainggolan,Perempuan,20,Belum Menikah,65,73,64,79,3.03,Lulus
,Karma Wasita,Laki-laki,24,Menikah,59,72,90,54,2.73,Lulus
,Vivi Wahyudin,Laki-laki,26,Menikah,67,69,48,45,2.3,Tidak
,Elvina Tamba,Perempuan,25,Belum Menikah,45,44,68,51,2.99,Tidak
,Zahra,Perempuan,20,Belum Menikah,64,46,86,65,2.66,Lulus
,Nainggolan,Perempuan,28,Menikah,66,47,84,43,3.99,Lulus
,Ade,Perempuan,20,Belum Menikah,52,41,66,77,3.01,Lulus
,Cut Nababan,Perempuan,30,Menikah,87,81,74,78,3.48,Lulus
,Ella Hidayat,Perempuan,24,Menikah,96,59,91,48,3.43,Lulus
,Ophelia Dabukke,Perempuan,25,Belum Menikah,65,71,45,52,3.46,Lulus
,Galuh Padmasari,Laki-laki,19,Menikah,42,63,49,90,3.8,Lulus
,Asirwada,Laki-laki,21,Belum Menikah,52,90,62,45,3.23,Lulus
,Hasan Hidayanto,Laki-laki,27,Menikah,52,45,61,58,3.51,Lulus
,Emin Laksita,Perempuan,21,Menikah,51,67,79,93,2.42,Lulus
,Puti Cinta Nuraini,Perempuan,29,Belum Menikah,93,63,54,54,3.08,Lulus
,Daniswara Usada,Perempuan,27,Menikah,84,48,98,42,2.02,Lulus
,Putri Nainggolan,Perempuan,28,Belum Menikah,75,98,99,98,2.74,Lulus
,Umaya Dabukke,Perempuan,29,Belum Menikah,92,46,48,91,3.05,Lulus
,Kasim Zulaika,Laki-laki,24,Belum Menikah,48,52,58,64,2.45,Tidak
,Legawa Yolanda,Perempuan,27,Menikah,48,63,89,57,3.45,Lulus
,Elvina Prasetyo,Perempuan,26,Menikah,66,79,44,75,2.44,Lulus
,Gunawan,Perempuan,27,Menikah,90,92,88,63,3.1,Lulus
,Ciaobella Ardianto,Laki-laki,27,Belum Menikah,62,71,62,80,3.33,Lulus
,Aditya Wasita,Perempuan,20,Menikah,41,43,58,99,2.89,Lulus
,Belinda Nugroho,Perempuan,20,Belum Menikah,77,95,75,65,3.77,Lulus
,Jasmin Pranowo,Laki-laki,28,Belum Menikah,67,89,64,87,2.63,Lulus
,Tidak Diketahui,Laki-laki,30,Belum Menikah,70,83,79,62,3.22,Lulus
,Gilang Wulandari,Perempuan,22,Belum Menikah,90,76,94,46,2.63,Lulus
,Rendy Firmansyah,Laki-laki,30,Menikah,61,96,61,76,3.22,Lulus
,Padmi Anggriawan,Laki-laki,19,Belum Menikah,47,41,73,75,2.87,Lulus
,Yahya Oktaviani,Laki-laki,25,Belum Menikah,66,71,91,40,3.16,Lulus
,Eja Kuswandari,Laki-laki,30,Menikah,75,56,43,91,3.02,Lulus
,Yono Namaga,Perempuan,19,Menikah,64,86,81,47,2.02,Lulus
,Zalindra Permata,Perempuan,27,Menikah,59,87,50,83,3.2,Lulus
,Wibisono,Perempuan,29,Belum Menikah,89,70,62,46,3.99,Lulus
,Rina Nuraini,Laki-laki,27,Menikah,53,78,63,91,2.83,Lulus
,Vivi Lailasari,Laki-laki,24,Belum Menikah,96,71,50,50,2.72,Lulus
,Gawati Firmansyah,Laki-laki,29,Menikah,65,86,67,52,3.93,Lulus
,Karma Wulandari,Perempuan,27,Belum Menikah,99,91,69,43,2.29,Lulus
,Dian,Laki-laki,30,Belum Menikah,54,43,86,94,3.28,Lulus
,Galar Handayani,Perempuan,19,Belum Menikah,82,45,42,52,2.65,Tidak
,Ihsan Waluyo,Laki-laki,23,Menikah,88,87,74,99,3.23,Lulus
,Garan Hutapea,Laki-laki,25,Menikah,40,76,80,44,3.74,Lulus
,Estiawan Hartati,Laki-laki,23,Menikah,87,88,92,95,2.56,Lulus
,Hairyanto Budiyanto,Laki-laki,26,Menikah,66,51,43,43,2.45,Tidak
,Gading Tamba,Perempuan,23,Menikah,93,100,51,43,2.87,Lulus
,Harsana Tarihoran,Perempuan,30,Menikah,45,62,96,42,2.49,Lulus
,Ami,Perempuan,27,Belum Menikah,40,90,67,63,3.34,Lulus
,Tidak Diketahui,Laki-laki,30,Belum Menikah,95,71,85,86,2.37,Lulus
,Waluyo,Perempuan,23,Belum Menikah,93,86,43,51,2.68,Lulus
,Novi Anggraini,Laki-laki,21,Belum Menikah,93,68,51,69,3.51,Lulus
,Candra Prakasa,Laki-laki,24,Menikah,43,68,53,88,2.12,Lulus
,Puti Dewi Pudjiastuti,Laki-laki,25,Belum Menikah,87,78,46,99,2.28,Lulus
,Reza Purwanti,Perempuan,21,Menikah,61,96,73,87,2.48,Lulus
,Elvin Rahimah,Perempuan,30,Belum Menikah,97,94,79,74,3.89,Lulus
,Kardi Adriansyah,Perempuan,29,Belum Menikah,74,77,51,83,2.91,Lulus
,Hassanah,Perempuan,25,Belum Menikah,71,50,96,45,3.79,Lulus
,Rendy Jailani,Perempuan,27,Menikah,57,81,64,72,2.31,Lulus
,Cemplunk Purnawati,Perempuan,22,Menikah,73,74,54,49,3.97,Lulus
,Ajiono,Laki-laki,24,Menikah,70,65,64,53,3.59,Lulus
,Riyanti,Laki-laki,29,Menikah,92,93,98,47,2.19,Lulus
,Vivi Purnawati,Perempuan,21,Menikah,55,96,41,80,3.73,Lulus
,Zulkarnain,Laki-laki,22,Menikah,65,73,95,74,3.37,Lulus
,Cengkal Handayani,Laki-laki,26,Belum Menikah,84,47,66,91,3.83,Lulus
,Karya Rahmawati,Laki-laki,22,Menikah,58,77,85,89,3.58,Lulus
,Kania Narpati,Perempuan,30,Belum Menikah,53,42,47,69,2.67,Tidak
,Kamaria Anggriawan,Laki-laki,26,Menikah,78,47,46,56,2.95,Lulus
,Natalia Nurdiyanti,Perempuan,30,Menikah,90,47,63,95,2.31,Lulus
,Gilda Usamah,Laki-laki,25,Menikah,41,79,88,69,3.52,Lulus
,Jagaraga,Perempuan,25,Belum Menikah,70,42,90,52,3.61,Lulus
,Jagaraga Usamah,Laki-laki,23,Belum Menikah,49,84,71,99,2.79,Lulus
,Warsita Pradipta,Laki-laki,20,Menikah,40,63,49,41,2.69,Tidak
,Wahyuni,Perempuan,24,Belum Menikah,71,43,48,97,2.89,Lulus
,Usyi Hutasoit,Laki-laki,20,Belum Menikah,85,100,98,83,3.51,Lulus
,Enteng Oktaviani,Laki-laki,26,Menikah,59,86,62,73,3.52,Lulus
,Gamanto Wibowo,Laki-laki,22,Belum Menikah,72,98,86,55,2.21,Lulus
,Opung Nashiruddin,Laki-laki,28,Menikah,83,84,73,97,2.04,Lulus
,Tiara Kusumo,Perempuan,20,Belum Menikah,44,50,54,42,3.47,Tidak
,Damu Pradana,Perempuan,27,Belum Menikah,81,65,77,68,2.95,Lulus
,Aurora Winarsih,Perempuan,19,Belum Menikah,91,64,42,41,2.88,Lulus
,Eka Lestari,Laki-laki,28,Belum Menikah,89,98,61,70,3.8,Lulus
,Argono Nugroho,Laki-laki,29,Belum Menikah,44,52,47,40,3.02,Tidak
,Hamima Uwais,Laki-laki,29,Belum Menikah,84,86,95,77,3.85,Lulus
,Wacana,Laki-laki,21,Belum Menikah,78,87,59,44,2.55,Lulus
,Pia Astuti,Laki-laki,30,Belum Menikah,55,75,65,66,3.54,Lulus
,Kanda,Laki-laki,30,Menikah,47,88,44,91,3.06,Lulus
,Kawaca,Perempuan,23,Menikah,52,89,83,89,2.49,Lulus
,Eman Rahayu,Perempuan,23,Menikah,79,65,79,76,3.9,Lulus
,Jarwi Kusumo,Perempuan,22,Belum Menikah,66,71,81,53,3.07,Lulus
,Oliva Anggriawan,Perempuan,27,Belum Menikah,41,87,67,41,3.95,Lulus
,Gamanto Oktaviani,Perempuan,30,Belum Menikah,65,92,94,72,3.42,Lulus
,Kunthara Puspita,Perempuan,22,Menikah,44,66,91,95,2.12,Lulus
,Gawati,Perempuan,20,Belum Menikah,94,98,89,66,3.32,Lulus
,Jasmin Tarihoran,Perempuan,23,Menikah,55,81,82,71,3.67,Lulus
,Gara Purnawati,Perempuan,29,Belum Menikah,93,52,63,80,2.19,Lulus
,Kemba,Perempuan,20,Menikah,52,69,69,83,3.13,Lulus
,Yosef Usamah,Laki-laki,27,Menikah,93,68,48,99,3.01,Lulus
,Yance Andriani,Laki-laki,19,Menikah,52,86,57,67,3.12,Lulus
,Anom,Laki-laki,20,Menikah,73,57,84,68,3.32,Lulus
,Baktiadi Usamah,Laki-laki,21,Belum Menikah,55,51,79,61,2.5,Lulus
,Kenzie Agustina,Laki-laki,26,Menikah,51,92,93,40,2.92,Lulus
,Olivia Budiman,Laki-laki,26,Belum Menikah,57,41,70,50,2.67,Tidak
,Putri Uwais,Perempuan,22,Belum Menikah,91,77,70,62,2.3,Lulus
,Galang,Laki-laki,25,Belum Menikah,49,72,53,75,3.21,Lulus
,Panji Januar,Laki-laki,21,Menikah,94,52,55,51,2.83,Lulus
,Titi Hutapea,Perempuan,22,Belum Menikah,80,63,100,69,2.88,Lulus
,Cut Chelsea Winarsih,Perempuan,28,Menikah,43,46,94,46,3.57,Lulus
,Faizah,Perempuan,29,Belum Menikah,80,98,49,50,2.91,Lulus
,Wulan Najmudin,Laki-laki,20,Menikah,46,61,78,58,3.14,Lulus
,Lalita Narpati,Laki-laki,25,Menikah,86,42,89,73,3.2,Lulus
,Anggraini,Perempuan,21,Belum Menikah,72,68,95,95,3.41,Lulus
,Ayu Hakim,Laki-laki,30,Belum Menikah,50,64,92,96,3.49,Lulus
,Violet Wibowo,Perempuan,29,Menikah,47,90,80,100,3.66,Lulus
,Ika Pradipta,Perempuan,25,Belum Menikah,83,65,77,78,3.13,Lulus
,Diah Budiman,Laki-laki,27,Menikah,45,49,99,69,2.14,Lulus
,Kiandra Lailasari,Perempuan,30,Menikah,50,84,95,99,3.44,Lulus
,Prima Pangestu,Laki-laki,28,Belum Menikah,68,98,64,51,2.35,Lulus
,Xanana Rahayu,Laki-laki,22,Belum Menikah,68,64,45,41,2.01,Tidak
,Caraka Palastri,Perempuan,26,Belum Menikah,67,87,62,87,3.47,Lulus
,Cut Puti Astuti,Perempuan,30,Belum Menikah,40,54,92,64,2.4,Lulus
,Titin Kuswandari,Laki-laki,21,Belum Menikah,90,85,65,94,2.78,Lulus
,Laswi,Laki-laki,26,Menikah,82,100,100,97,2.91,Lulus
,Pradana,Perempuan,28,Belum Menikah,43,42,91,82,2.29,Lulus
,Chelsea Andriani,Perempuan,20,Belum Menikah,61,42,86,57,2.11,Tidak
,Arta Nurdiyanti,Laki-laki,19,Belum Menikah,96,58,100,56,3.86,Lulus
,Yusuf Lestari,Perempuan,22,Menikah,89,98,70,60,3.44,Lulus
,Ganjaran,Perempuan,28,Belum Menikah,58,74,61,76,2.32,Lulus
,Agnes,Perempuan,26,Menikah,43,62,59,51,2.75,Tidak
,Ida,Laki-laki,22,Belum Menikah,74,60,65,83,2.39,Lulus
,Qori Gunawan,Laki-laki,26,Menikah,59,91,83,97,2.11,Lulus
,Jono Budiman,Perempuan,30,Belum Menikah,46,90,76,55,2.63,Lulus
,Jati Pertiwi,Laki-laki,27,Menikah,91,50,93,85,2.89,Lulus
,Farhunnisa Halimah,Perempuan,28,Belum Menikah,73,61,62,82,2.68,Lulus
,Belinda Jailani,Laki-laki,25,Menikah,47,66,84,65,2.34,Lulus
,Ellis,Perempuan,22,Belum Menikah,70,94,78,48,2.64,Lulus
,Prakosa Habibi,Laki-laki,27,Belum Menikah,71,76,93,66,3.09,Lulus
,Ratih Hassanah,Perempuan,27,Belum Menikah,73,67,50,72,2.52,Lulus
,Galih Gunawan,Laki-laki,24,Belum Menikah,49,85,62,47,3.32,Lulus
,Zulaikha Rahayu,Perempuan,22,Belum Menikah,75,77,56,76,3.54,Lulus
,Ayu Tamba,Perempuan,29,Menikah,74,88,80,87,2.67,Lulus
,Cahyono Hartati,Laki-laki,21,Belum Menikah,51,85,64,45,2.15,Tidak
,Tidak Diketahui,Perempuan,21,Belum Menikah,59,47,74,75,3.54,Lulus
,Nadine Kuswandari,Perempuan,22,Belum Menikah,98,45,96,95,2.66,Lulus
,Jindra Nuraini,Laki-laki,25,Menikah,95,94,80,42,2.97,Lulus
,Nadine Lazuardi,Perempuan,27,Menikah,83,93,84,48,3.18,Lulus
,Nyana Nasyidah,Laki-laki,23,Menikah,71,40,74,80,3.05,Lulus
,Wulan Dabukke,Laki-laki,30,Menikah,81,42,65,43,3.93,Lulus
,Catur Januar,Perempuan,25,Menikah,97,49,44,62,2.08,Lulus
,Darmana Pratiwi,Laki-laki,24,Belum Menikah,57,65,56,92,3.82,Lulus
,Jane,Laki-laki,24,Menikah,88,64,57,86,3.78,Lulus
,Fitriani Usada,Perempuan,29,Belum Menikah,91,50,63,79,2.28,Lulus
,Bakti Halim,Laki-laki,30,Belum Menikah,81,46,78,67,3.23,Lulus
,Raina Prastuti,Perempuan,22,Menikah,89,93,53,81,3.76,Lulus
,Cut Titin,Perempuan,27,Belum Menikah,59,59,66,40,2.63,Tidak
,Laila Riyanti,Laki-laki,23,Menikah,90,66,80,88,3.33,Lulus
,Gina Hidayat,Laki-laki,24,Belum Menikah,89,68,40,73,3.49,Lulus
,Unggul,Laki-laki,25,Belum Menikah,48,72,75,42,2.83,Lulus
,Nova,Perempuan,23,Belum Menikah,67,86,75,49,3.44,Lulus
,Hutasoit,Perempuan,25,Belum Menikah,61,67,75,49,2.91,Lulus
,Betania Tamba,Laki-laki,20,Menikah,47,49,79,89,2.15,Lulus
,Rahayu Wahyudin,Perempuan,30,Menikah,61,89,46,56,2.23,Lulus
,Tari Prayoga,Laki-laki,27,Menikah,96,44,42,89,3.97,Lulus
,Galar,Laki-laki,26,Menikah,45,80,88,52,2.51,Lulus
,Unjani,Laki-laki,28,Menikah,100,80,69,89,2.46,Lulus
,Oman Haryanto,Perempuan,25,Menikah,86,64,74,95,3.9,Lulus
,Padma Kusmawati,Laki-laki,23,Menikah,60,76,49,45,2.76,Tidak
,Kusmawati,Perempuan,25,Belum Menikah,99,80,57,86,3.83,Lulus
,Intan,Perempuan,29,Menikah,72,72,98,61,2.48,Lulus
,Galur Tampubolon,Laki-laki,21,Belum Menikah,61,43,65,81,2.61,Lulus
,Ibun Namaga,Perempuan,26,Menikah,88,48,84,81,2.3,Lulus
,Ihsan,Perempuan,27,Belum Menikah,66,91,51,93,3.85,Lulus
,Pandu Kuswandari,Laki-laki,30,Belum Menikah,74,92,78,99,2.06,Lulus
,Usyi Wibisono,Perempuan,24,Menikah,79,46,93,97,3.94,Lulus
,Zalindra Kusumo,Laki-laki,29,Menikah,53,99,77,92,3.48,Lulus
,Tidak Diketahui,Laki-laki,29,Belum Menikah,42,56,72,73,2.3,Lulus
,Galih Kurniawan,Perempuan,24,Menikah,53,63,72,56,2.69,Lulus
,Purwanto Andriani,Laki-laki,26,Menikah,57,71,90,45,3.46,Lulus
,Gantar Laksmiwati,Laki-laki,26,Belum Menikah,65,53,88,65,3.56,Lulus
,Kamaria Astuti,Laki-laki,23,Belum Menikah,100,77,70,48,3.48,Lulus
,Anggraini,Perempuan,25,Menikah,73,44,93,67,2.52,Lulus
,Ulya Natsir,Perempuan,24,Menikah,70,93,90,78,3.04,Lulus
,Jumari Hutapea,Laki-laki,20,Menikah,85,99,73,87,2.73,Lulus
,Gamani Puspasari,Laki-laki,20,Belum Menikah,53,40,63,97,2.67,Lulus
,Endah,Laki-laki,28,Menikah,81,46,91,96,2.46,Lulus
,Raina Permata,Perempuan,20,Belum Menikah,93,73,95,60,3.23,Lulus
,Teguh Permata,Perempuan,23,Belum Menikah,72,60,67,41,2.57,Lulus
,Oliva,Laki-laki,19,Menikah,79,92,53,80,2.34,Lulus
,Johan Nainggolan,Perempuan,19,Menikah,97,95,63,49,3.94,Lulus
,Vanesa Astuti,Laki-laki,23,Menikah,88,47,71,78,3.15,Lulus
,Janet Aryani,Laki-laki,30,Menikah,82,69,62,70,3.4,Lulus
,Anastasia Halim,Perempuan,29,Belum Menikah,64,45,55,55,2.71,Tidak
,Yosef Budiman,Perempuan,27,Belum Menikah,55,46,88,71,2.76,Lulus
,Akarsana Widiastuti,Perempuan,19,Belum Menikah,86,100,83,42,3.27,Lulus
,Dewi,Perempuan,20,Belum Menikah,60,69,93,98,3.43,Lulus
,Puti Ina,Laki-laki,21,Menikah,87,71,56,57,3.21,Lulus
,Panji Lailasari,Perempuan,29,Menikah,90,56,81,41,2.6,Lulus
,Jagaraga,Perempuan,24,Menikah,47,60,99,96,3.94,Lulus
,Humaira Habibi,Perempuan,24,Menikah,44,66,83,85,2.63,Lulus
,Ibun Astuti,Laki-laki,22,Belum Menikah,75,88,61,62,2.91,Lulus
,Tami Nainggolan,Laki-laki,25,Belum Menikah,45,47,42,81,3.45,Lulus
,Endah Nashiruddin,Perempuan,26,Menikah,56,93,56,58,3.51,Lulus
,Tidak Diketahui,Perempuan,30,Belum Menikah,57,90,90,54,3.16,Lulus
,Darmana Hakim,Perempuan,23,Belum Menikah,87,60,42,50,3.01,Lulus
,Bahuwirya Hidayat,Laki-laki,21,Belum Menikah,89,62,80,50,2.23,Lulus
,Jaiman Yuliarti,Laki-laki,23,Menikah,54,84,82,65,2.82,Lulus
,Devi,Laki-laki,20,Menikah,54,90,53,88,2.35,Lulus
,Clara Wahyuni,Perempuan,22,Belum Menikah,94,100,47,98,3.98,Lulus
,Rahayu Hastuti,Perempuan,30,Belum Menikah,67,93,85,51,2.83,Lulus
,Praba Rajata,Perempuan,29,Menikah,47,87,67,53,3.35,Lulus
,Kenes Budiyanto,Laki-laki,21,Belum Menikah,91,67,75,51,2.38,Lulus
,Chelsea,Perempuan,25,Menikah,87,68,52,49,2.45,Lulus
,Rahmi,Perempuan,30,Menikah,75,83,90,77,3.02,Lulus
,Najwa,Laki-laki,22,Menikah,69,61,51,97,3.89,Lulus
,Danu Napitupulu,Perempuan,26,Menikah,47,68,99,78,2.82,Lulus
,Wisnu Astuti,Perempuan,24,Menikah,57,70,81,47,3.08,Lulus
,Firmansyah,Laki-laki,26,Belum Menikah,92,84,51,79,2.17,Lulus
,Zaenab Budiyanto,Perempuan,21,Belum Menikah,75,48,71,58,2.81,Lulus
,Aslijan,Perempuan,21,Belum Menikah,55,54,100,68,2.55,Lulus
,Radit Januar,Laki-laki,29,Menikah,68,82,90,70,2.64,Lulus
,Halim Handayani,Laki-laki,19,Menikah,46,65,97,41,3.72,Lulus
,Bahuraksa Yulianti,Laki-laki,21,Menikah,77,90,83,58,3.81,Lulus
,Rahmat Dabukke,Laki-laki,28,Menikah,83,74,54,97,3.04,Lulus
,Kasiyah Natsir,Perempuan,29,Menikah,80,44,43,100,2.28,Lulus
,Ophelia Hidayat,Perempuan,29,Menikah,72,44,43,81,3.43,Lulus
,Kambali,Perempuan,20,Menikah,95,43,74,100,3.46,Lulus
,Elisa Lestari,Laki-laki,30,Belum Menikah,55,48,49,88,3.61,Lulus
,Lanang Hidayat,Perempuan,20,Menikah,42,91,91,72,3,Lulus
,Tedi,Perempuan,24,Menikah,88,59,97,56,3.13,Lulus
,Cut Halima Farida,Laki-laki,28,Belum Menikah,74,70,63,50,2.33,Lulus
,Respati Agustina,Laki-laki,28,Belum Menikah,59,96,68,42,3.28,Lulus
,Estiawan,Perempuan,20,Belum Menikah,73,85,98,83,2.41,Lulus
,Rini Novitasari,Laki-laki,28,Belum Menikah,56,87,43,82,2.66,Lulus
,Widiastuti,Laki-laki,29,Belum Menikah,100,87,71,58,3.15,Lulus
,Cahyanto,Laki-laki,24,Belum Menikah,92,47,40,55,3.03,Lulus
,Uchita Pratiwi,Laki-laki,22,Belum Menikah,46,92,97,60,2.47,Lulus
,Cemplunk Prasetya,Laki-laki,28,Menikah,69,59,41,51,2.65,Tidak
,Raharja Nasyidah,Perempuan,19,Belum Menikah,64,68,63,57,3.12,Lulus
,Baktiadi Irawan,Laki-laki,25,Belum Menikah,61,73,47,71,3.95,Lulus
,Kairav Iswahyudi,Perempuan,22,Belum Menikah,54,56,81,84,2.89,Lulus
,Vinsen,Laki-laki,20,Menikah,57,61,65,98,3.55,Lulus
,Vanesa Najmudin,Laki-laki,22,Menikah,53,61,69,47,2.57,Tidak
,Ade Januar,Perempuan,22,Belum Menikah,41,54,90,69,2.13,Lulus
,Jaswadi Yuliarti,Laki-laki,21,Belum Menikah,46,53,70,65,2.7,Lulus
,Tina Hakim,Perempuan,20,Menikah,76,49,70,40,2.13,Tidak
,Vera,Laki-laki,24,Belum Menikah,88,43,40,88,2.1,Lulus
,Zulkarnain,Laki-laki,28,Menikah,100,59,98,72,2.37,Lulus
,Lukita Rajasa,Perempuan,30,Belum Menikah,66,72,59,86,2.95,Lulus
,Olga Napitupulu,Perempuan,30,Menikah,72,58,69,40,3.21,Lulus
,Limar Firmansyah,Laki-laki,21,Menikah,60,42,58,94,3.5,Lulus
,Luis,Laki-laki,19,Belum Menikah,52,93,89,93,3.75,Lulus
,Tidak Diketahui,Perempuan,25,Belum Menikah,92,86,67,98,2.54,Lulus
,Vivi Prayoga,Laki-laki,25,Menikah,73,53,40,58,3.51,Lulus
,Ian,Perempuan,28,Belum Menikah,97,85,70,88,3.81,Lulus
,Reza Zulkarnain,Laki-laki,28,Menikah,82,100,97,67,2.89,Lulus
,Enteng Rahimah,Laki-laki,29,Belum Menikah,99,68,72,92,2.63,Lulus
,Dirja,Laki-laki,25,Menikah,41,54,51,49,3.68,Tidak
,Empluk Winarsih,Laki-laki,26,Menikah,69,52,71,66,2.59,Lulus
,Jelita Haryanti,Perempuan,20,Belum Menikah,65,88,72,78,2.64,Lulus
,Rachel Padmasari,Perempuan,22,Menikah,55,94,70,40,3.22,Lulus
,Rahayu Tarihoran,Laki-laki,30,Menikah,66,91,72,61,2.44,Lulus
,Dimaz Nuraini,Laki-laki,28,Belum Menikah,85,83,95,67,2.92,Lulus
,Wawan Najmudin,Laki-laki,26,Menikah,99,52,45,90,2.17,Lulus
,Kasim,Laki-laki,27,Belum Menikah,91,66,84,45,3.08,Lulus
,Hartana Dongoran,Laki-laki,20,Belum Menikah,91,70,74,89,3.09,Lulus
,Narji Winarsih,Laki-laki,24,Menikah,44,62,83,75,3.87,Lulus
,Emin Usada,Laki-laki,29,Belum Menikah,91,47,98,81,3.75,Lulus
,Wasis,Laki-laki,26,Menikah,81,50,45,61,2.04,Tidak
,Embuh Dabukke,Perempuan,20,Belum Menikah,90,66,40,70,2.34,Lulus
,Langgeng Hutagalung,Perempuan,27,Menikah,48,54,93,94,2.88,Lulus
,Tantri,Perempuan,29,Menikah,88,75,41,42,2.71,Lulus
,Karen Jailani,Perempuan,21,Belum Menikah,46,92,61,86,3.92,Lulus
,Dariati Nugroho,Laki-laki,27,Menikah,86,68,43,90,2.84,Lulus
,Putri,Laki-laki,20,Belum Menikah,75,97,84,66,3.62,Lulus
,Kasiran Puspasari,Laki-laki,25,Menikah,73,72,93,47,3.75,Lulus
,Harsanto,Perempuan,23,Menikah,67,50,88,46,3.8,Lulus
,Jessica Hariyah,Perempuan,22,Belum Menikah,70,50,94,85,3.72,Lulus
,Karsa Widodo,Laki-laki,20,Menikah,43,98,100,65,3.62,Lulus
,Raden Andriani,Laki-laki,24,Menikah,43,95,56,44,2.3,Tidak
,Dian Halimah,Perempuan,22,Belum Menikah,44,53,44,78,3.61,Lulus
,Kambali,Perempuan,24,Menikah,46,50,49,68,3.48,Lulus
,Ghaliyati,Laki-laki,30,Menikah,45,78,63,78,3.91,Lulus
,Cakrawangsa Yulianti,Laki-laki,28,Belum Menikah,61,56,52,79,3.49,Lulus
,Cahya Prastuti,Perempuan,26,Menikah,88,89,45,58,3,Lulus
,Koko Wahyudin,Perempuan,29,Belum Menikah,44,94,52,100,3.13,Lulus
,Qori Dongoran,Laki-laki,22,Belum Menikah,70,96,62,64,3.07,Lulus
,Raden Laksita,Perempuan,29,Menikah,68,86,74,81,3.44,Lulus
,Citra Dabukke,Perempuan,25,Belum Menikah,97,97,42,51,2.27,Lulus
,Cindy Wahyuni,Laki-laki,30,Menikah,67,67,62,93,3.29,Lulus
,Hana Hutasoit,Laki-laki,27,Belum Menikah,95,87,79,46,3.06,Lulus
,Waluyo Firmansyah,Laki-laki,20,Belum Menikah,61,63,51,76,3.66,Lulus
,Eva Purnawati,Perempuan,27,Belum Menikah,42,87,78,78,2.33,Lulus
,Zahra,Perempuan,21,Menikah,94,64,100,95,3.86,Lulus
,Victoria Budiman,Perempuan,19,Belum Menikah,77,61,70,81,2.93,Lulus
,Ami Hakim,Laki-laki,21,Belum Menikah,51,55,88,97,2.27,Lulus
,Nurul Firgantoro,Laki-laki,21,Belum Menikah,78,58,43,72,2.71,Lulus
,Narpati,Perempuan,22,Belum Menikah,68,89,98,94,2.18,Lulus
,Hilda Padmasari,Laki-laki,27,Belum Menikah,51,49,70,60,3.14,Lulus
,Elma Januar,Perempuan,27,Menikah,46,66,65,91,2.85,Lulus
,Edison Rahimah,Perempuan,27,Menikah,97,55,54,88,2.76,Lulus
,Kunthara,Perempuan,19,Menikah,42,88,83,80,3.38,Lulus
,Jati Prasetyo,Laki-laki,30,Menikah,72,91,86,78,2.26,Lulus
,Prayoga Riyanti,Laki-laki,21,Belum Menikah,79,84,91,56,3.28,Lulus
,Hutasoit,Perempuan,29,Menikah,49,93,65,96,2.28,Lulus
,Cindy Handayani,Perempuan,20,Menikah,68,43,41,73,3.05,Lulus
,Jaka Wahyuni,Perempuan,21,Menikah,86,75,79,40,3.58,Lulus
,Tidak Diketahui,Perempuan,23,Belum Menikah,89,63,95,81,2.68,Lulus
,Bakianto Puspasari,Laki-laki,29,Menikah,76,73,83,77,3,Lulus
,Wahyu Gunawan,Laki-laki,25,Belum Menikah,94,70,55,55,2.18,Lulus
,Dewi Nurdiyanti,Laki-laki,24,Belum Menikah,41,86,86,78,3.64,Lulus
,Irma Farida,Perempuan,20,Menikah,66,91,54,79,2.18,Lulus
,Lala Hutagalung,Laki-laki,29,Belum Menikah,82,56,84,86,3.7,Lulus
,Hani,Laki-laki,26,Menikah,47,96,81,90,2.01,Lulus
,Catur Purwanti,Laki-laki,22,Menikah,92,78,93,65,2.54,Lulus
,Atma Firgantoro,Perempuan,23,Belum Menikah,86,71,85,47,2.86,Lulus
,Jumadi Palastri,Perempuan,20,Menikah,63,81,97,40,3.19,Lulus
,Patricia Hidayanto,Perempuan,28,Belum Menikah,80,65,88,61,3.81,Lulus
,Karimah Usada,Perempuan,21,Menikah,40,46,69,77,3.86,Lulus
,Dabukke,Laki-laki,30,Menikah,88,97,84,51,2.71,Lulus
,Embuh,Perempuan,21,Menikah,71,100,54,85,3.93,Lulus
,Betania Hartati,Perempuan,26,Belum Menikah,100,94,56,62,2.98,Lulus
,Eka,Laki-laki,21,Belum Menikah,72,65,92,91,3.03,Lulus
,Catur,Laki-laki,21,Belum Menikah,96,57,69,83,2.89,Lulus
,Zulaika,Laki-laki,22,Menikah,77,88,73,42,3.48,Lulus
,Tidak Diketahui,Laki-laki,19,Belum Menikah,60,82,48,79,2.39,Lulus
,Darmaji,Laki-laki,24,Menikah,64,43,64,40,3.29,Tidak
,Cemeti,Laki-laki,29,Menikah,76,53,67,76,2.05,Lulus
,Prakosa,Perempuan,26,Belum Menikah,43,94,52,42,3.33,Lulus
,Lembah Pratama,Laki-laki,21,Belum Menikah,94,67,59,80,2.67,Lulus
,Raharja Puspasari,Perempuan,24,Belum Menikah,90,41,42,76,2.03,Tidak
,Zaenab Jailani,Perempuan,23,Belum Menikah,63,74,43,90,3.16,Lulus
,Winda,Laki-laki,19,Belum Menikah,95,60,51,78,2.53,Lulus
,Jelita Aryani,Perempuan,22,Menikah,70,96,65,44,2.81,Lulus
,Yahya Zulkarnain,Laki-laki,20,Belum Menikah,53,85,67,51,2.07,Lulus
,Nova,Perempuan,24,Belum Menikah,62,82,81,87,3.13,Lulus
,Yono Pradipta,Laki-laki,28,Belum Menikah,64,61,41,75,2.09,Tidak
,Opung Kusumo,Perempuan,25,Menikah,45,88,50,66,3,Lulus
,Jaswadi,Perempuan,23,Belum Menikah,75,84,42,46,3.11,Lulus
,Lintang,Laki-laki,27,Belum Menikah,71,45,64,56,2.37,Tidak
,Perkasa,Perempuan,23,Menikah,98,56,77,73,3.74,Lulus
,Ulva Pratama,Laki-laki,28,Menikah,87,67,90,94,2.63,Lulus
,Gandi Prayoga,Laki-laki,25,Menikah,83,60,65,74,2.82,Lulus
,Haryanti,Perempuan,26,Menikah,45,74,64,57,3.14,Lulus
,Laras,Laki-laki,26,Menikah,50,81,55,82,3.89,Lulus
,Anita Rajata,Perempuan,19,Menikah,96,97,77,60,3.05,Lulus
,Irawan,Perempuan,23,Menikah,63,45,54,97,2.11,Lulus
,Anita,Perempuan,21,Belum Menikah,76,49,60,60,3.29,Lulus
,Tidak Diketahui,Perempuan,25,Menikah,61,67,64,45,2.01,Tidak
,Titi Kusumo,Laki-laki,27,Menikah,98,87,62,62,3.72,Lulus
,Gilang,Perempuan,21,Menikah,51,50,89,77,2.79,Lulus
,Kurnia Kusumo,Perempuan,24,Menikah,64,89,48,72,2.17,Lulus
,Hamzah Winarsih,Laki-laki,24,Menikah,91,49,56,93,3.04,Lulus
,Devi Wulandari,Perempuan,26,Menikah,69,98,50,45,3.17,Lulus
,Abyasa Napitupulu,Perempuan,20,Menikah,59,55,40,82,2.49,Tidak
,Raisa Zulaika,Laki-laki,23,Belum Menikah,50,86,76,89,2.7,Lulus
,Ifa Hastuti,Laki-laki,30,Menikah,49,42,58,95,2.64,Lulus
,Adikara Laksmiwati,Laki-laki,20,Menikah,97,69,68,97,2.1,Lulus
,Pangeran Nashiruddin,Perempuan,20,Menikah,74,61,87,51,2.7,Lulus
,Zelda Wahyuni,Perempuan,26,Menikah,47,71,48,96,3.62,Lulus
,Paulin Prastuti,Laki-laki,26,Menikah,74,76,82,82,3.47,Lulus
,Ophelia Purwanti,Perempuan,30,Menikah,46,81,99,86,3.34,Lulus
,Alika Usada,Perempuan,30,Belum Menikah,80,48,52,90,3.35,Lulus
,Titin,Perempuan,24,Belum Menikah,88,57,52,88,3.94,Lulus
,Lukita Damanik,Perempuan,19,Menikah,45,42,50,73,3.18,Tidak
,Tidak Diketahui,Perempuan,27,Belum Menikah,49,88,68,50,2.44,Lulus
,Bakti Damanik,Perempuan,24,Menikah,64,93,50,72,3.49,Lulus
,Candrakanta,Laki-laki,30,Belum Menikah,98,96,60,41,3.33,Lulus
,Danuja Padmasari,Laki-laki,27,Menikah,45,91,56,65,2.56,Lulus
,Ivan Ardianto,Perempuan,22,Menikah,47,95,73,77,2.24,Lulus
,Haryanti,Laki-laki,21,Menikah,56,77,86,46,3.53,Lulus
,Galang Nababan,Laki-laki,23,Belum Menikah,97,48,62,57,3.03,Lulus
,Daliono Hastuti,Laki-laki,19,Belum Menikah,55,61,72,81,2.56,Lulus
,Opung,Laki-laki,26,Menikah,47,50,59,100,2.16,Lulus
,Darmaji Palastri,Perempuan,28,Belum Menikah,55,79,51,60,3.95,Lulus
,Jefri Hidayanto,Laki-laki,24,Belum Menikah,78,61,57,89,2.19,Lulus
,Kurnia Rahmawati,Laki-laki,20,Belum Menikah,83,64,57,94,3.6,Lulus
,Rahman Gunarto,Perempuan,19,Belum Menikah,100,94,98,93,3.59,Lulus
,Cahyono Latupono,Laki-laki,21,Menikah,100,76,40,64,3.31,Lulus
,Halima,Perempuan,21,Menikah,68,62,54,80,2.93,Lulus
,Cakrabuana Waskita,Perempuan,21,Menikah,97,52,47,61,2.8,Lulus
,Cagak Palastri,Perempuan,22,Belum Menikah,57,74,41,97,3.11,Lulus
,Vicky Anggriawan,Perempuan,26,Menikah,68,83,46,54,3.23,Lulus
,Ghani,Perempuan,22,Belum Menikah,82,78,74,92,3.45,Lulus
,Irsad Astuti,Laki-laki,27,Belum Menikah,77,58,93,53,2.52,Lulus
,Ulya Ardianto,Perempuan,21,Menikah,76,77,81,64,2.92,Lulus
,Faizah,Perempuan,27,Belum Menikah,100,50,63,85,3.89,Lulus
,Patricia Natsir,Laki-laki,19,Menikah,85,93,57,49,3.23,Lulus
,Unjani Pangestu,Perempuan,20,Menikah,94,81,42,53,3.15,Lulus
,Rini Prasasta,Laki-laki,28,Menikah,49,68,65,76,3.86,Lulus
,Tania,Perempuan,30,Menikah,68,46,92,77,2.31,Lulus
,Belinda,Perempuan,28,Belum Menikah,46,46,46,53,2.07,Tidak
,Genta Handayani,Laki-laki,20,Belum Menikah,95,78,86,66,3.59,Lulus
,Dasa Nugroho,Laki-laki,25,Belum Menikah,40,58,84,85,2.28,Lulus
,Winarsih,Laki-laki,25,Menikah,45,90,80,40,3.54,Lulus
,Waluyo,Laki-laki,19,Belum Menikah,91,66,48,40,2.66,Lulus
,Ulva Narpati,Laki-laki,19,Menikah,88,81,87,57,3.53,Lulus
,Faizah Pradana,Perempuan,25,Belum Menikah,92,55,65,56,2.39,Lulus
,Hamima Wahyuni,Perempuan,28,Belum Menikah,40,94,86,90,3.26,Lulus
,Galih,Laki-laki,23,Belum Menikah,65,56,68,72,3.68,Lulus
,Uli Permata,Perempuan,20,Belum Menikah,41,66,63,58,3.06,Lulus
,Hartaka Kusmawati,Perempuan,20,Belum Menikah,51,80,71,42,3.09,Lulus
,Betania,Perempuan,24,Belum Menikah,79,68,40,47,2.18,Tidak
,Ani,Perempuan,19,Belum Menikah,68,70,93,70,3.43,Lulus
,Vinsen,Laki-laki,21,Menikah,88,96,82,54,2.43,Lulus
,Agus Adriansyah,Perempuan,29,Belum Menikah,79,80,79,98,2.18,Lulus
,Kezia Pratama,Perempuan,29,Menikah,94,81,79,40,2.49,Lulus
,Galiono,Laki-laki,28,Belum Menikah,79,86,57,59,3.08,Lulus
,Tri Rahmawati,Laki-laki,28,Belum Menikah,51,63,69,42,3.08,Lulus
,Caket,Perempuan,24,Belum Menikah,45,79,42,85,2,Lulus
,Kartika Kurniawan,Perempuan,21,Belum Menikah,72,87,42,76,3.23,Lulus
,Liman Prabowo,Laki-laki,23,Belum Menikah,47,99,42,100,2.54,Lulus
,Karman Dongoran,Laki-laki,22,Belum Menikah,91,77,65,70,2.54,Lulus
,Kemba Budiman,Perempuan,21,Belum Menikah,97,40,93,69,2,Lulus
,Wisnu Palastri,Laki-laki,28,Menikah,100,93,81,68,3.48,Lulus
,Zizi Prabowo,Laki-laki,25,Belum Menikah,84,51,52,63,2.69,Lulus
,Cut Ilsa Pranowo,Perempuan,22,Menikah,79,86,72,70,3.3,Lulus
,Janet Wulandari,Perempuan,23,Menikah,99,75,66,63,2.64,Lulus
,Prasasta,Perempuan,20,Menikah,47,84,71,85,2.47,Lulus
,Zahra Najmudin,Perempuan,30,Belum Menikah,68,84,66,72,2.2,Lulus
,Diana Tamba,Perempuan,20,Menikah,57,52,72,71,3.88,Lulus
,Lembah,Perempuan,30,Belum Menikah,66,51,74,96,3.17,Lulus
,Elma Purwanti,Perempuan,22,Belum Menikah,73,66,88,42,2.39,Lulus
,Gaduh Tampubolon,Laki-laki,27,Belum Menikah,83,70,41,70,2.88,Lulus
,Farhunnisa Uwais,Perempuan,28,Belum Menikah,65,52,43,85,2.62,Lulus
,Patricia Kusumo,Perempuan,23,Menikah,65,93,45,87,3.03,Lulus
,Hani,Perempuan,20,Belum Menikah,83,75,68,48,2.18,Lulus
,Usyi,Laki-laki,22,Menikah,40,72,52,85,3.36,Lulus
,Jailani,Laki-laki,27,Belum Menikah,73,67,56,74,3.32,Lulus
,Najmudin,Perempuan,20,Belum Menikah,59,50,44,57,2.77,Tidak
,Tidak Diketahui,Laki-laki,21,Menikah,51,66,80,56,2.7,Lulus
,Ciaobella Yuniar,Perempuan,29,Belum Menikah,80,65,71,43,3.98,Lulus
,Okta Riyanti,Perempuan,30,Belum Menikah,98,100,56,67,3.59,Lulus
,Irsad Hidayanto,Perempuan,28,Belum Menikah,84,85,44,54,3.55,Lulus
,Bella Halim,Perempuan,21,Menikah,80,86,53,82,2.76,Lulus
,Kasiran Hasanah,Laki-laki,20,Belum Menikah,87,69,98,87,3.36,Lulus
,Tri Winarno,Laki-laki,29,Menikah,83,73,55,63,3.83,Lulus
,Belinda Budiman,Perempuan,27,Menikah,85,51,52,73,3.27,Lulus
,Aswani,Perempuan,27,Belum Menikah,59,98,79,56,2.75,Lulus
,Hendra Narpati,Perempuan,29,Belum Menikah,50,73,76,67,2.37,Lulus
,Jarwi Prakasa,Laki-laki,25,Menikah,49,90,54,92,2.73,Lulus
,Puti Wani Firgantoro,Laki-laki,25,Menikah,40,86,50,94,2.42,Lulus
,Iswahyudi,Laki-laki,27,Belum Menikah,57,57,54,90,3.02,Lulus
,Juli,Perempuan,27,Belum Menikah,100,51,75,96,3.91,Lulus
,Karma Halimah,Perempuan,25,Belum Menikah,79,61,97,53,2.42,Lulus
,Rahayu,Laki-laki,21,Belum Menikah,67,57,47,53,2.16,Tidak
,Uli Pertiwi,Laki-laki,27,Belum Menikah,40,82,88,89,3.56,Lulus
,Pradipta,Laki-laki,28,Menikah,68,40,86,96,2.53,Lulus
,Puti Yance Agustina,Laki-laki,22,Belum Menikah,87,46,68,84,3.48,Lulus
,Puti Nashiruddin,Laki-laki,26,Menikah,58,89,43,84,2.14,Lulus
,Jaiman Thamrin,Laki-laki,30,Belum Menikah,50,91,50,82,2.96,Lulus
,Gilang Andriani,Perempuan,25,Menikah,89,69,62,42,2.29,Lulus
,Yuliana Prayoga,Perempuan,25,Belum Menikah,72,48,91,49,2.09,Lulus
,Nova Rajasa,Perempuan,22,Menikah,100,49,66,84,3.53,Lulus
,Icha,Perempuan,29,Belum Menikah,54,82,65,50,2.75,Lulus
,Bambang Haryanto,Perempuan,21,Menikah,55,57,63,41,2.93,Tidak
,Argono Nasyiah,Laki-laki,27,Belum Menikah,56,52,73,67,3.1,Lulus
,Bakiman Kusmawati,Perempuan,21,Belum Menikah,54,94,47,59,3.33,Lulus
,Bakijan,Perempuan,19,Belum Menikah,97,100,41,81,3.59,Lulus
,Prima,Laki-laki,22,Menikah,69,69,50,100,3.98,Lulus
,Widya Aryani,Laki-laki,28,Belum Menikah,61,55,85,50,3.22,Lulus
,Gangsa Wijaya,Laki-laki,30,Belum Menikah,87,48,55,53,2.57,Lulus
,Hasta Waskita,Perempuan,24,Menikah,86,90,52,87,3.16,Lulus
,Rangga Laksita,Laki-laki,28,Menikah,90,56,43,90,3.46,Lulus
,Chelsea Hardiansyah,Perempuan,25,Menikah,97,69,76,46,2.04,Lulus
,Narji Jailani,Laki-laki,26,Menikah,95,51,58,64,2.53,Lulus
,Darmana Aryani,Perempuan,28,Belum Menikah,78,61,63,49,2.75,Lulus
,Zamira,Perempuan,22,Menikah,44,78,98,58,2.12,Lulus
,Fitriani Anggraini,Perempuan,19,Belum Menikah,86,80,49,76,2.14,Lulus
,Reksa,Perempuan,30,Belum Menikah,74,69,82,95,2.95,Lulus
,Kamal Winarno,Laki-laki,24,Belum Menikah,71,68,72,100,2.33,Lulus
,Kadir Natsir,Perempuan,27,Menikah,74,41,71,42,3.04,Lulus
,Opung Nashiruddin,Perempuan,21,Belum Menikah,90,78,76,78,2.23,Lulus
,Vicky Haryanto,Laki-laki,25,Menikah,68,45,69,75,2.13,Lulus
,Janet Hutasoit,Perempuan,26,Belum Menikah,81,97,52,63,3.17,Lulus
,Gambira Novitasari,Perempuan,27,Belum Menikah,93,56,59,72,3.86,Lulus
,Harsana,Laki-laki,30,Menikah,71,69,50,92,2.7,Lulus
,Johan Nugroho,Laki-laki,26,Belum Menikah,63,62,56,43,2.31,Tidak
,Jaswadi Haryanto,Laki-laki,25,Belum Menikah,84,93,62,57,2.53,Lulus
,Damu,Perempuan,21,Belum Menikah,40,53,55,48,2.38,Tidak
,Zizi Rahmawati,Perempuan,26,Menikah,84,43,55,97,2.67,Lulus
,Elma Wijaya,Laki-laki,23,Menikah,48,68,76,45,3.42,Lulus
,Eka Usamah,Perempuan,28,Belum Menikah,90,54,73,70,3.63,Lulus
,Arta Januar,Laki-laki,24,Menikah,53,75,76,78,3.97,Lulus
,Galih,Perempuan,30,Belum Menikah,74,57,72,51,3.92,Lulus
,Dartono,Perempuan,22,Belum Menikah,90,88,63,74,2.87,Lulus
,Ajimat,Laki-laki,20,Menikah,75,70,60,82,3.07,Lulus
,Raden Januar,Perempuan,23,Belum Menikah,49,82,87,41,2.49,Lulus
,Wahyudin,Laki-laki,26,Menikah,95,90,46,93,3.49,Lulus
,Nugroho,Laki-laki,29,Belum Menikah,62,76,98,82,2.36,Lulus
,Gandi Puspasari,Laki-laki,22,Belum Menikah,42,42,65,91,2.28,Tidak
,Ifa,Laki-laki,23,Belum Menikah,44,67,93,43,3.29,Lulus
,Gamani,Perempuan,25,Belum Menikah,86,48,68,76,3.94,Lulus
,Hastuti,Perempuan,29,Belum Menikah,72,43,85,99,2.04,Lulus
,Heru,Laki-laki,19,Menikah,63,76,63,56,3.57,Lulus
,Aditya Ardianto,Perempuan,27,Menikah,47,41,40,48,3.58,Tidak
,Humaira Lailasari,Laki-laki,25,Menikah,60,66,70,58,3.19,Lulus
,Uyainah,Laki-laki,24,Belum Menikah,85,45,82,44,3.78,Lulus
,Harimurti,Laki-laki,27,Menikah,50,45,65,80,3.09,Lulus
,Lailasari,Laki-laki,28,Menikah,87,95,60,49,3.31,Lulus
,Niyaga,Laki-laki,27,Belum Menikah,63,76,91,47,3.54,Lulus
,Kasiyah Aryani,Laki-laki,29,Menikah,61,43,77,54,3.94,Lulus
,Indah Firmansyah,Perempuan,22,Menikah,51,47,49,90,3.68,Lulus
,Purwa,Perempuan,28,Belum Menikah,85,73,100,96,3.65,Lulus
,Ade Januar,Laki-laki,27,Belum Menikah,59,76,73,85,3.39,Lulus
,Cut Titin Tamba,Laki-laki,27,Menikah,94,47,40,79,3.65,Lulus
,Puspita,Perempuan,25,Menikah,49,60,48,69,3.99,Lulus
,Vanya Widiastuti,Perempuan,20,Menikah,72,57,49,74,3.22,Lulus
,Widya Nasyiah,Laki-laki,29,Menikah,56,55,46,98,2.31,Lulus
,Caket,Laki-laki,22,Menikah,95,76,45,44,3.32,Lulus
,Panca Winarsih,Perempuan,28,Belum Menikah,51,46,82,79,3.84,Lulus
,Arta Wasita,Perempuan,19,Menikah,86,72,69,55,3.46,Lulus
,Ani Pudjiastuti,Perempuan,22,Menikah,69,59,51,83,2.64,Lulus
,Bakiman Hartati,Laki-laki,22,Belum Menikah,45,48,81,66,2.46,Lulus
,Rosman Tarihoran,Perempuan,26,Belum Menikah,51,98,54,86,2.11,Lulus
,Julia,Perempuan,30,Belum Menikah,96,60,98,92,3.5,Lulus
,Rahayu Nainggolan,Perempuan,20,Belum Menikah,67,42,43,91,2.02,Tidak
,Xanana Hutasoit,Perempuan,23,Belum Menikah,54,75,74,89,2.34,Lulus
,Zulaikha,Perempuan,22,Menikah,91,95,54,52,3.57,Lulus
,Yance Zulkarnain,Perempuan,24,Menikah,53,84,75,65,2.08,Lulus
,Namaga,Laki-laki,25,Menikah,79,75,49,79,3.33,Lulus
,Lili Prakasa,Perempuan,29,Menikah,90,72,52,74,3.41,Lulus
,Puspa Dabukke,Perempuan,20,Belum Menikah,86,82,65,45,2.62,Lulus
,Caturangga Laksmiwati,Perempuan,27,Menikah,50,54,94,84,3.54,Lulus
,Tidak Diketahui,Laki-laki,19,Belum Menikah,56,41,88,73,2.14,Lulus
,Zalindra Haryanti,Perempuan,28,Menikah,43,74,47,59,3.5,Lulus
,Najwa Tamba,Perempuan,19,Menikah,54,81,68,79,2.63,Lulus
,Tidak Diketahui,Perempuan,26,Menikah,88,72,53,77,2.12,Lulus
,Aurora,Perempuan,23,Belum Menikah,84,71,73,85,3.45,Lulus
,Prastuti,Laki-laki,23,Menikah,46,42,84,80,3.38,Lulus
,Hafshah Hutapea,Perempuan,22,Menikah,47,61,85,91,2.43,Lulus
,Clara Pranowo,Laki-laki,20,Menikah,41,70,82,91,2.11,Lulus
,Kayun Halimah,Perempuan,25,Menikah,83,45,60,93,2.84,Lulus
,Bala,Laki-laki,30,Menikah,90,78,98,96,2.48,Lulus
,Widya Farida,Laki-laki,21,Belum Menikah,77,98,43,65,2.23,Lulus
,Prabowo,Laki-laki,22,Belum Menikah,45,93,44,54,2.78,Lulus
,Bakti,Laki-laki,28,Belum Menikah,75,78,77,60,2.58,Lulus
,Bagiya Nainggolan,Laki-laki,30,Belum Menikah,55,51,97,52,2.62,Lulus
,Novitasari,Perempuan,30,Menikah,43,95,77,76,3.31,Lulus
,Galih Utami,Perempuan,21,Menikah,55,63,54,66,3.61,Lulus
,Nabila Oktaviani,Laki-laki,26,Menikah,71,50,58,41,3.39,Lulus
,Tasnim Najmudin,Laki-laki,22,Menikah,73,79,99,99,2.42,Lulus
,Violet,Laki-laki,22,Menikah,86,59,73,87,3.82,Lulus
,Tidak Diketahui,Perempuan,26,Belum Menikah,70,72,62,80,3.44,Lulus
,Gangsar,Perempuan,23,Belum Menikah,51,56,57,61,2.97,Tidak
,Gawati Waluyo,Perempuan,26,Menikah,76,59,77,56,3.41,Lulus
,Natalia Fujiati,Laki-laki,24,Belum Menikah,100,70,57,59,2.3,Lulus
,Gamanto Palastri,Perempuan,26,Belum Menikah,49,85,47,70,3.47,Lulus
,Ami Yuniar,Laki-laki,24,Menikah,81,72,50,66,3.04,Lulus
,Virman,Laki-laki,20,Menikah,85,78,71,65,3.24,Lulus
,Lasmanto Laksita,Laki-laki,26,Menikah,98,54,75,98,2.18,Lulus
,Nugraha Narpati,Perempuan,19,Menikah,75,88,49,71,2.18,Lulus
,Asman Oktaviani,Perempuan,19,Belum Menikah,53,83,85,96,2.51,Lulus
,Narpati,Laki-laki,20,Belum Menikah,47,95,64,58,2.07,Lulus
,Ratih Budiyanto,Perempuan,19,Menikah,92,97,80,48,3.41,Lulus
,Fathonah,Laki-laki,21,Menikah,61,93,68,51,3.8,Lulus
,Lala,Perempuan,22,Menikah,86,72,72,86,3.2,Lulus
,Oni Nugroho,Laki-laki,24,Menikah,86,63,76,56,2.49,Lulus
,Ajeng,Perempuan,30,Menikah,42,70,59,70,2.41,Lulus
,Eja Purnawati,Laki-laki,21,Belum Menikah,47,51,70,92,3.91,Lulus
,Garang Ardianto,Perempuan,24,Belum Menikah,68,53,71,53,3.73,Lulus
,Ciaobella Najmudin,Laki-laki,23,Menikah,81,84,99,98,3.81,Lulus
,Darmaji Natsir,Laki-laki,27,Belum Menikah,96,85,90,51,3.49,Lulus
,Tantri,Perempuan,29,Menikah,41,82,84,99,2.5,Lulus
,Betania,Laki-laki,29,Menikah,88,66,63,59,3.3,Lulus
,Prayogo,Perempuan,30,Menikah,79,79,59,59,3.99,Lulus
,Rini Hakim,Laki-laki,22,Belum Menikah,42,98,67,97,2.33,Lulus
,Usyi,Laki-laki,19,Belum Menikah,59,71,46,51,3.69,Lulus
,Cindy Lestari,Perempuan,30,Menikah,69,75,92,79,2.97,Lulus
,Zamira,Laki-laki,26,Menikah,66,43,77,72,2.78,Lulus
,Cornelia Hassanah,Laki-laki,30,Belum Menikah,53,98,67,59,2.26,Lulus
,Zelda,Laki-laki,25,Belum Menikah,88,46,42,72,3.95,Lulus
,Ade Oktaviani,Laki-laki,24,Menikah,80,68,64,61,2.38,Lulus
,Rini Thamrin,Perempuan,28,Belum Menikah,49,65,99,87,2.68,Lulus
,Vinsen,Laki-laki,24,Menikah,50,96,43,94,2.08,Lulus
,Asirwanda Firgantoro,Laki-laki,22,Belum Menikah,58,91,42,75,3.72,Lulus
,Oni Prayoga,Laki-laki,19,Belum Menikah,72,60,92,56,2.03,Lulus
,Kezia,Laki-laki,26,Menikah,56,64,77,70,3.67,Lulus
,Vicky,Perempuan,23,Menikah,72,71,68,80,3.15,Lulus
,Cut Prasetyo,Perempuan,26,Belum Menikah,54,71,42,47,3.33,Tidak
,Adinata Lailasari,Perempuan,23,Belum Menikah,77,69,82,73,3.56,Lulus
,Harjo Kusmawati,Perempuan,19,Menikah,95,88,45,48,2.91,Lulus
,Paris Wacana,Laki-laki,20,Belum Menikah,56,90,99,71,2.21,Lulus
,Hesti,Perempuan,29,Belum Menikah,69,53,96,79,3.03,Lulus
,Atma Kurniawan,Laki-laki,28,Belum Menikah,60,80,86,80,2.24,Lulus
,Narpati,Laki-laki,21,Menikah,80,89,96,62,2.16,Lulus
,Cecep Prayoga,Laki-laki,24,Belum Menikah,48,74,81,100,2.68,Lulus
,Heryanto Hutapea,Perempuan,19,Menikah,69,83,96,76,2.98,Lulus
,Hasna Uyainah,Perempuan,19,Menikah,92,44,84,72,3.24,Lulus
,Nilam Lazuardi,Laki-laki,26,Belum Menikah,50,100,43,75,2.04,Lulus
,Darimin Pudjiastuti,Perempuan,23,Belum Menikah,57,86,72,43,2.81,Lulus
,Vega Firmansyah,Laki-laki,26,Belum Menikah,54,65,52,58,2.32,Tidak
,Hamzah Zulkarnain,Laki-laki,24,Belum Menikah,66,40,53,83,3.85,Lulus
,Ghaliyati Hariyah,Perempuan,28,Menikah,57,77,85,75,2.07,Lulus
,Bakiadi Prasasta,Laki-laki,30,Belum Menikah,47,49,72,59,2.01,Tidak
,Faizah Nasyiah,Laki-laki,22,Menikah,80,50,53,62,2.95,Lulus
,Nyoman Zulaika,Laki-laki,25,Belum Menikah,77,46,53,88,3.46,Lulus
,Clara,Laki-laki,21,Belum Menikah,93,73,43,73,2.91,Lulus
,Pradana,Laki-laki,28,Belum Menikah,98,94,41,55,3.16,Lulus
,Hafshah Nurdiyanti,Perempuan,21,Menikah,65,95,97,91,2.18,Lulus
,Capa Tamba,Perempuan,27,Belum Menikah,99,86,84,78,2.11,Lulus
,Hutapea,Perempuan,19,Menikah,73,49,81,41,3.44,Lulus
,Ana,Laki-laki,24,Belum Menikah,68,74,47,92,2.83,Lulus
,Hari Palastri,Perempuan,22,Belum Menikah,89,44,89,96,3.52,Lulus
,Radit,Perempuan,22,Menikah,53,64,97,43,2.74,Lulus
,Laksita,Laki-laki,19,Belum Menikah,76,56,60,79,2.97,Lulus
,Aurora,Laki-laki,28,Menikah,100,73,98,43,2.12,Lulus
,Cut Vanya Gunarto,Perempuan,28,Belum Menikah,99,79,42,99,2.82,Lulus
,Yani Agustina,Laki-laki,23,Menikah,58,80,44,99,2.92,Lulus
,Hartati,Perempuan,26,Menikah,74,81,78,63,2.98,Lulus
,Cornelia Laksmiwati,Laki-laki,28,Belum Menikah,95,91,40,87,3.73,Lulus
,Umaya,Perempuan,29,Belum Menikah,57,81,79,78,3.06,Lulus
,Qori Tampubolon,Perempuan,23,Menikah,51,81,68,65,3.52,Lulus
,Garang,Laki-laki,25,Menikah,71,78,93,41,3.2,Lulus
,Cemeti,Laki-laki,29,Menikah,40,76,86,44,2.6,Lulus
,Radika Nashiruddin,Perempuan,20,Menikah,81,54,92,84,3.95,Lulus
,Bagas Zulkarnain,Laki-laki,21,Menikah,52,69,62,52,3.44,Lulus
,Juli,Perempuan,23,Belum Menikah,98,72,97,88,2.95,Lulus
,Kuswandari,Laki-laki,24,Belum Menikah,81,48,96,43,2.33,Lulus
,Puti Ifa Palastri,Laki-laki,30,Menikah,79,99,96,67,2.11,Lulus
,Ulya,Laki-laki,30,Belum Menikah,43,49,50,49,2.46,Tidak
,Taufik,Perempuan,27,Belum Menikah,52,83,49,47,2.07,Tidak
,Harimurti,Laki-laki,27,Menikah,84,56,60,55,2.41,Lulus
,Nardi Wibowo,Laki-laki,23,Menikah,62,83,84,96,3.59,Lulus
,Kadir Hutapea,Perempuan,19,Belum Menikah,98,74,75,64,2.53,Lulus
,Puspa,Perempuan,23,Belum Menikah,73,84,65,76,2.69,Lulus
,Budiman,Laki-laki,27,Menikah,56,59,60,90,2.8,Lulus
,Agnes,Perempuan,26,Menikah,80,55,89,45,2.73,Lulus
,Putri,Perempuan,23,Belum Menikah,59,58,82,43,2.32,Lulus
,Garan,Laki-laki,19,Menikah,90,45,73,72,3.72,Lulus
,Tidak Diketahui,Laki-laki,19,Belum Menikah,75,75,53,46,3.38,Lulus
,Rendy Farida,Perempuan,20,Belum Menikah,64,59,86,57,2.29,Lulus
,Ghaliyati Rahimah,Laki-laki,30,Menikah,50,79,73,69,3.31,Lulus
,Putri Kuswandari,Perempuan,23,Menikah,86,41,62,81,2.02,Lulus
,Darijan Nasyiah,Laki-laki,27,Menikah,82,94,64,76,2.66,Lulus
,Putri,Perempuan,23,Belum Menikah,71,85,91,44,2.81,Lulus
,Cinta Irawan,Perempuan,30,Menikah,99,57,72,43,2.19,Lulus
,Tidak Diketahui,Laki-laki,27,Menikah,96,97,59,60,2.34,Lulus
,Gilda,Perempuan,25,Belum Menikah,57,75,48,67,2.37,Lulus
,Irnanto Lazuardi,Laki-laki,29,Belum Menikah,50,90,53,77,3.28,Lulus
,Chandra Dongoran,Laki-laki,28,Menikah,99,49,79,61,3.49,Lulus
,Nyoman Adriansyah,Laki-laki,22,Menikah,93,60,75,58,2.09,Lulus
,Tantri Wastuti,Perempuan,24,Belum Menikah,59,84,55,98,2.14,Lulus
,Tantri Hutapea,Perempuan,24,Belum Menikah,57,66,67,52,3.32,Lulus
,Gabriella Astuti,Perempuan,27,Belum Menikah,66,48,52,65,3.29,Lulus
,Yahya Yuliarti,Perempuan,30,Menikah,60,98,87,53,3.05,Lulus
,Winarno,Laki-laki,26,Menikah,68,62,95,45,3.34,Lulus
,Teguh Riyanti,Laki-laki,27,Belum Menikah,49,60,85,88,3.88,Lulus
,Daniswara Fujiati,Perempuan,20,Menikah,66,58,73,72,3.77,Lulus
,Vera Halim,Perempuan,20,Menikah,84,51,88,47,3.26,Lulus
,Hari,Perempuan,21,Menikah,99,80,61,62,2.11,Lulus
,Hasan Kurniawan,Laki-laki,20,Belum Menikah,79,100,67,79,3.87,Lulus
,Prima Wastuti,Perempuan,25,Menikah,52,100,48,71,3.43,Lulus
,Kuswoyo,Perempuan,28,Menikah,72,88,74,78,2.74,Lulus
,Hasna Irawan,Perempuan,23,Menikah,43,81,60,94,2.97,Lulus
,Elma,Laki-laki,26,Menikah,68,43,43,81,2.12,Tidak
,Kemal Hasanah,Perempuan,21,Menikah,64,76,57,64,3.9,Lulus
,Reza Zulaika,Perempuan,24,Menikah,82,48,93,88,2.32,Lulus
,Jailani,Perempuan,21,Belum Menikah,82,75,89,55,3.46,Lulus
,Paramita,Laki-laki,25,Belum Menikah,100,94,57,70,3.21,Lulus
,Nyana Dabukke,Perempuan,24,Belum Menikah,97,98,50,94,3.54,Lulus
,Hana,Perempuan,24,Belum Menikah,83,50,51,46,2.59,Tidak
,Devi Laksmiwati,Perempuan,29,Menikah,75,42,82,81,2.76,Lulus
,Nalar Pangestu,Laki-laki,19,Menikah,42,74,62,84,3.28,Lulus
,Ina,Perempuan,29,Belum Menikah,51,50,43,75,3.57,Lulus
,Ana,Perempuan,22,Belum Menikah,72,42,52,59,2.34,Tidak
,Lurhur,Perempuan,29,Menikah,80,47,97,53,3.81,Lulus
