NIM,Nama,Data mining,Desain Grafis,Sistem Informasi Pendidikan,Teknologi IoT ,Pengolahan Citra Digital ,Pemrograman CMS ,Realitas Virtual ,Game Edukasi,Sistem Keamanan Jaringan
P03189001,Anastasia Pradipta,Data mining,,,Teknologi IoT ,Pengolahan Citra Digital ,Pemrograman CMS ,,,
P03189002,Putra,,,,Teknologi IoT ,Pengolahan Citra Digital ,Pemrograman CMS ,Realitas Virtual ,,
P03189003,Narpati,Data mining,,,,Pengolahan Citra Digital ,Pemrograman CMS ,Realitas Virtual ,,
P03189004,Bahuwirya,,,,,Pengolahan Citra Digital ,Pemrograman CMS ,Realitas Virtual ,Game Edukasi,Sistem Keamanan Jaringan
P03189005,Puti Raisa,Data mining,Desain Grafis,,,Pengolahan Citra Digital ,Pemrograman CMS ,,Game Edukasi,
P03189006,Hartaka Nugroho,Data mining,Desain Grafis,Sistem Informasi Pendidikan,Teknologi IoT ,,Pemrograman CMS ,Realitas Virtual ,,
P03189007,Viktor Wulandari,Data mining,,,,Pengolahan Citra Digital ,Pemrograman CMS ,,,
P03189008,Genta Zulkarnain,Data mining,,,,Pengolahan Citra Digital ,Pemrograman CMS ,Realitas Virtual ,Game Edukasi,
P03189009,Oliva Wahyudin,Data mining,Desain Grafis,,Teknologi IoT ,Pengolahan Citra Digital ,Pemrograman CMS ,Realitas Virtual ,,
P03189010,Gilda,,Desain Grafis,,Teknologi IoT ,Pengolahan Citra Digital ,,Realitas Virtual ,Game Edukasi,
P03189011,Parman,Data mining,,,,,Pemrograman CMS ,Realitas Virtual ,Game Edukasi,
P03189012,Oni Hutasoit,Data mining,Desain Grafis,,Teknologi IoT ,Pengolahan Citra Digital ,Pemrograman CMS ,Realitas Virtual ,Game Edukasi,Sistem Keamanan Jaringan
P03189013,Fathonah Hidayanto,,,,,Pengolahan Citra Digital ,Pemrograman CMS ,Realitas Virtual ,Game Edukasi,Sistem Keamanan Jaringan
P03189014,Darijan,Data mining,Desain Grafis,,,,Pemrograman CMS ,Realitas Virtual ,Game Edukasi,
P03189015,Kiandra Purnawati,,,,,Pengolahan Citra Digital ,Pemrograman CMS ,Realitas Virtual ,Game Edukasi,
P03189016,Hasna Haryanti,Data mining,,,Teknologi IoT ,Pengolahan Citra Digital ,Pemrograman CMS ,Realitas Virtual ,Game Edukasi,Sistem Keamanan Jaringan
P03189017,Anastasia Damanik,Data mining,,,,Pengolahan Citra Digital ,Pemrograman CMS ,Realitas Virtual ,Game Edukasi,Sistem Keamanan Jaringan
P03189018,Kawaya,,,,Teknologi IoT ,,Pemrograman CMS ,,Game Edukasi,
P03189019,Purwanto Puspasari,Data mining,Desain Grafis,,,Pengolahan Citra Digital ,Pemrograman CMS ,,Game Edukasi,
P03189020,Tari,Data mining,,,,Pengolahan Citra Digital ,Pemrograman CMS ,Realitas Virtual ,Game Edukasi,
P03189021,Yunita Purwanti,Data mining,,,,Pengolahan Citra Digital ,Pemrograman CMS ,Realitas Virtual ,Game Edukasi,
P03189022,Carla,Data mining,,Sistem Informasi Pendidikan,,,Pemrograman CMS ,Realitas Virtual ,Game Edukasi,
P03189023,Thamrin,,Desain Grafis,,Teknologi IoT ,,Pemrograman CMS ,Realitas Virtual ,Game Edukasi,
P03189024,Yuliana,Data mining,,,,,Pemrograman CMS ,Realitas Virtual ,Game Edukasi,Sistem Keamanan Jaringan
P03189025,Jane Nasyiah,Data mining,,,,Pengolahan Citra Digital ,Pemrograman CMS ,Realitas Virtual ,Game Edukasi,
P03189026,Okta Dongoran,,Desain Grafis,,,Pengolahan Citra Digital ,Pemrograman CMS ,Realitas Virtual ,Game Edukasi,
P03189027,Enteng Uyainah,Data mining,,,Teknologi IoT ,,Pemrograman CMS ,Realitas Virtual ,Game Edukasi,
P03189028,Cornelia Ardianto,Data mining,,,,Pengolahan Citra Digital ,Pemrograman CMS ,,Game Edukasi,
P03189029,Gamblang Usada,Data mining,,,,Pengolahan Citra Digital ,Pemrograman CMS ,,Game Edukasi,
P03189030,Aisyah Nuraini,,Desain Grafis,,,,Pemrograman CMS ,Realitas Virtual ,Game Edukasi,Sistem Keamanan Jaringan
P03189031,Panca Gunarto,Data mining,,,Teknologi IoT ,Pengolahan Citra Digital ,Pemrograman CMS ,,Game Edukasi,
P03189032,Ulva,,,,Teknologi IoT ,Pengolahan Citra Digital ,Pemrograman CMS ,Realitas Virtual ,Game Edukasi,
P03189033,Amalia Prayoga,Data mining,,,Teknologi IoT ,,Pemrograman CMS ,Realitas Virtual ,,
P03189034,Paulin,,,,,,,Realitas Virtual ,Game Edukasi,Sistem Keamanan Jaringan
P03189035,Kayla Wibowo,Data mining,,,Teknologi IoT ,Pengolahan Citra Digital ,Pemrograman CMS ,Realitas Virtual ,Game Edukasi,
P03189036,Rachel Yuliarti,Data mining,Desain Grafis,Sistem Informasi Pendidikan,,Pengolahan Citra Digital ,Pemrograman CMS ,Realitas Virtual ,,
P03189037,Raina Prasetya,Data mining,Desain Grafis,Sistem Informasi Pendidikan,Teknologi IoT ,Pengolahan Citra Digital ,Pemrograman CMS ,Realitas Virtual ,Game Edukasi,
P03189038,Vanesa Prasetya,Data mining,Desain Grafis,,,,Pemrograman CMS ,Realitas Virtual ,Game Edukasi,Sistem Keamanan Jaringan
P03189039,Lasmanto Putra,Data mining,,Sistem Informasi Pendidikan,,,Pemrograman CMS ,Realitas Virtual ,Game Edukasi,
P03189040,Usyi Kurniawan,Data mining,Desain Grafis,,,,Pemrograman CMS ,Realitas Virtual ,Game Edukasi,
P03189041,Puti Indah,Data mining,,,Teknologi IoT ,Pengolahan Citra Digital ,Pemrograman CMS ,Realitas Virtual ,Game Edukasi,
P03189042,Harjasa Oktaviani,Data mining,Desain Grafis,Sistem Informasi Pendidikan,,Pengolahan Citra Digital ,Pemrograman CMS ,Realitas Virtual ,Game Edukasi,
P03189043,Nabila,Data mining,,,,Pengolahan Citra Digital ,Pemrograman CMS ,Realitas Virtual ,,Sistem Keamanan Jaringan
P03189044,Okto,Data mining,,,Teknologi IoT ,,Pemrograman CMS ,Realitas Virtual ,,
P03189045,Laras Haryanti,Data mining,,,,Pengolahan Citra Digital ,Pemrograman CMS ,Realitas Virtual ,,
P03189046,Pranawa Jailani,,,,Teknologi IoT ,,Pemrograman CMS ,,,
P03189047,Kartika Pranowo,,Desain Grafis,,,Pengolahan Citra Digital ,Pemrograman CMS ,Realitas Virtual ,,Sistem Keamanan Jaringan
P03189048,Faizah Wulandari,Data mining,,,Teknologi IoT ,,Pemrograman CMS ,Realitas Virtual ,Game Edukasi,
P03189049,Dina,Data mining,Desain Grafis,,,Pengolahan Citra Digital ,Pemrograman CMS ,,Game Edukasi,
P03189050,Hasim Puspasari,Data mining,,,Teknologi IoT ,,Pemrograman CMS ,Realitas Virtual ,Game Edukasi,Sistem Keamanan Jaringan
P03189051,Hasim Halimah,,,,,Pengolahan Citra Digital ,Pemrograman CMS ,Realitas Virtual ,Game Edukasi,
P03189052,Diana,Data mining,,,,,Pemrograman CMS ,Realitas Virtual ,Game Edukasi,
P03189053,Puspasari,,Desain Grafis,Sistem Informasi Pendidikan,,,Pemrograman CMS ,Realitas Virtual ,Game Edukasi,
P03189054,Hendri Adriansyah,Data mining,,Sistem Informasi Pendidikan,,Pengolahan Citra Digital ,Pemrograman CMS ,Realitas Virtual ,Game Edukasi,
P03189055,Puti Kusmawati,Data mining,Desain Grafis,,Teknologi IoT ,Pengolahan Citra Digital ,Pemrograman CMS ,Realitas Virtual ,Game Edukasi,
P03189056,Raditya Yulianti,,,,,Pengolahan Citra Digital ,Pemrograman CMS ,Realitas Virtual ,Game Edukasi,Sistem Keamanan Jaringan
P03189057,Raden,Data mining,Desain Grafis,Sistem Informasi Pendidikan,,Pengolahan Citra Digital ,Pemrograman CMS ,,Game Edukasi,
P03189058,Nardi Hidayanto,Data mining,,,Teknologi IoT ,Pengolahan Citra Digital ,Pemrograman CMS ,Realitas Virtual ,Game Edukasi,
P03189059,Anastasia Prastuti,,Desain Grafis,,,Pengolahan Citra Digital ,Pemrograman CMS ,Realitas Virtual ,Game Edukasi,
P03189060,Nabila Namaga,,,,Teknologi IoT ,Pengolahan Citra Digital ,Pemrograman CMS ,Realitas Virtual ,,
P03189061,Ulva,Data mining,,,,Pengolahan Citra Digital ,Pemrograman CMS ,Realitas Virtual ,,
P03189062,Taufan Prasetyo,Data mining,,,Teknologi IoT ,Pengolahan Citra Digital ,Pemrograman CMS ,Realitas Virtual ,Game Edukasi,Sistem Keamanan Jaringan
P03189063,Raharja Haryanti,Data mining,Desain Grafis,,,,Pemrograman CMS ,Realitas Virtual ,Game Edukasi,
P03189064,Widya Nasyiah,Data mining,,,,Pengolahan Citra Digital ,Pemrograman CMS ,Realitas Virtual ,,
P03189065,Ramadan,,Desain Grafis,,,,Pemrograman CMS ,Realitas Virtual ,Game Edukasi,
P03189066,Danuja Halimah,Data mining,,,,Pengolahan Citra Digital ,Pemrograman CMS ,Realitas Virtual ,,
P03189067,Kani Pratiwi,,Desain Grafis,,Teknologi IoT ,Pengolahan Citra Digital ,,Realitas Virtual ,,Sistem Keamanan Jaringan
P03189068,Bakiono Waluyo,Data mining,,,Teknologi IoT ,,Pemrograman CMS ,Realitas Virtual ,Game Edukasi,
P03189069,Namaga,Data mining,,,,Pengolahan Citra Digital ,Pemrograman CMS ,Realitas Virtual ,,
P03189070,Puti Ophelia Pradipta,,Desain Grafis,,,,Pemrograman CMS ,Realitas Virtual ,Game Edukasi,
P03189071,Elon Januar,,,,Teknologi IoT ,,Pemrograman CMS ,Realitas Virtual ,Game Edukasi,
P03189072,Nadia Laksita,Data mining,,,Teknologi IoT ,Pengolahan Citra Digital ,Pemrograman CMS ,Realitas Virtual ,,Sistem Keamanan Jaringan
P03189073,Daniswara Uyainah,Data mining,,,,Pengolahan Citra Digital ,Pemrograman CMS ,Realitas Virtual ,,
P03189074,Yuliana Palastri,Data mining,,,,Pengolahan Citra Digital ,Pemrograman CMS ,Realitas Virtual ,,
P03189075,Elma,,,,,Pengolahan Citra Digital ,Pemrograman CMS ,Realitas Virtual ,Game Edukasi,Sistem Keamanan Jaringan
P03189076,Danu Napitupulu,Data mining,Desain Grafis,,,Pengolahan Citra Digital ,Pemrograman CMS ,Realitas Virtual ,Game Edukasi,
P03189077,Harsana,Data mining,,,Teknologi IoT ,Pengolahan Citra Digital ,Pemrograman CMS ,Realitas Virtual ,Game Edukasi,
P03189078,Wani Zulaika,,Desain Grafis,,Teknologi IoT ,Pengolahan Citra Digital ,Pemrograman CMS ,,Game Edukasi,
P03189079,Hidayanto,Data mining,,,Teknologi IoT ,Pengolahan Citra Digital ,Pemrograman CMS ,Realitas Virtual ,,
P03189080,Gading Wibowo,,,,,Pengolahan Citra Digital ,Pemrograman CMS ,Realitas Virtual ,Game Edukasi,Sistem Keamanan Jaringan
P03189081,Raina Namaga,Data mining,,,,,,Realitas Virtual ,,Sistem Keamanan Jaringan
P03189082,Jefri Permata,Data mining,,,Teknologi IoT ,Pengolahan Citra Digital ,Pemrograman CMS ,Realitas Virtual ,Game Edukasi,
P03189083,Yunita Tampubolon,,Desain Grafis,,,,,Realitas Virtual ,,
P03189084,Rafi Wasita,Data mining,,,,Pengolahan Citra Digital ,Pemrograman CMS ,Realitas Virtual ,Game Edukasi,
P03189085,Hamzah Rahayu,Data mining,,,Teknologi IoT ,,Pemrograman CMS ,Realitas Virtual ,,
P03189086,Ciaobella Narpati,,Desain Grafis,,,,Pemrograman CMS ,Realitas Virtual ,Game Edukasi,Sistem Keamanan Jaringan
P03189087,Kurniawan,,,,Teknologi IoT ,Pengolahan Citra Digital ,Pemrograman CMS ,Realitas Virtual ,,
P03189088,Anom,Data mining,,,,Pengolahan Citra Digital ,Pemrograman CMS ,Realitas Virtual ,,
P03189089,Ella Prasasta,,,,,Pengolahan Citra Digital ,Pemrograman CMS ,Realitas Virtual ,,
P03189090,Napitupulu,Data mining,,,,Pengolahan Citra Digital ,Pemrograman CMS ,Realitas Virtual ,,Sistem Keamanan Jaringan
P03189091,Ibrahim,,Desain Grafis,,Teknologi IoT ,,Pemrograman CMS ,Realitas Virtual ,,
P03189092,Kamal Pranowo,,,,,Pengolahan Citra Digital ,Pemrograman CMS ,Realitas Virtual ,,
P03189093,Nadine Yulianti,,,,,Pengolahan Citra Digital ,,,,
P03189094,Pradipta,,,,Teknologi IoT ,Pengolahan Citra Digital ,Pemrograman CMS ,Realitas Virtual ,,
P03189095,Tidak Diketahui,,Desain Grafis,,,,Pemrograman CMS ,Realitas Virtual ,Game Edukasi,
P03189096,Zamira,Data mining,,,,,Pemrograman CMS ,Realitas Virtual ,Game Edukasi,Sistem Keamanan Jaringan
P03189097,Agnes,,,,,Pengolahan Citra Digital ,Pemrograman CMS ,Realitas Virtual ,,
P03189098,Cut Alika Permadi,Data mining,,,Teknologi IoT ,Pengolahan Citra Digital ,Pemrograman CMS ,Realitas Virtual ,,Sistem Keamanan Jaringan
P03189099,Baktiadi Najmudin,Data mining,,Sistem Informasi Pendidikan,,Pengolahan Citra Digital ,Pemrograman CMS ,Realitas Virtual ,,
P031890100,Jane,,Desain Grafis,,Teknologi IoT ,Pengolahan Citra Digital ,Pemrograman CMS ,Realitas Virtual ,,Sistem Keamanan Jaringan
,Aris Tarihoran,,,,,,,,,
,Darman Wastuti,,,,,,,,,
,Kemba,,,,,,,,,
,Diana Prakasa,,,,,,,,,
,Queen,,,,,,,,,
,Zahra Padmasari,,,,,,,,,
,Wani Utama,,,,,,,,,
,Artawan,,,,,,,,,
,Reza,,,,,,,,,
,Violet,,,,,,,,,
,Prasasta,,,,,,,,,
,Bagiya Prastuti,,,,,,,,,
,Bella Habibi,,,,,,,,,
,Jayeng Agustina,,,,,,,,,
,Dongoran,,,,,,,,,
,Halima Lailasari,,,,,,,,,
,Galak Puspita,,,,,,,,,
,Karen Hutapea,,,,,,,,,
,Rafi Hassanah,,,,,,,,,
,Vanya,,,,,,,,,
,Jatmiko Adriansyah,,,,,,,,,
,Bagya Hasanah,,,,,,,,,
,Kayla,,,,,,,,,
,Tidak Diketahui,,,,,,,,,
,Danang,,,,,,,,,
,Karen Kusumo,,,,,,,,,
,Titi,,,,,,,,,
,Gaman Kusumo,,,,,,,,,
,Faizah Widiastuti,,,,,,,,,
,Purwadi Natsir,,,,,,,,,
,Humaira,,,,,,,,,
,Dina,,,,,,,,,
,Warji Widodo,,,,,,,,,
,Hartana Farida,,,,,,,,,
,Prakasa,,,,,,,,,
,Zahra Prastuti,,,,,,,,,
,Zalindra Permadi,,,,,,,,,
,Ayu Gunawan,,,,,,,,,
,Endra Thamrin,,,,,,,,,
,Icha Usada,,,,,,,,,
,Utama,,,,,,,,,
,Asman Damanik,,,,,,,,,
,Candra Kuswoyo,,,,,,,,,
,Prakosa,,,,,,,,,
,Lidya Farida,,,,,,,,,
,Fitria Laksmiwati,,,,,,,,,
,Paramita,,,,,,,,,
,Paulin Prayoga,,,,,,,,,
,Kanda Anggriawan,,,,,,,,,
,Prabowo Pertiwi,,,,,,,,,
,Karta,,,,,,,,,
,Wisnu Hakim,,,,,,,,,
,Johan Tampubolon,,,,,,,,,
,Nugroho,,,,,,,,,
,Devi Yulianti,,,,,,,,,
,Tidak Diketahui,,,,,,,,,
,Rafid Prasetya,,,,,,,,,
,Harja,,,,,,,,,
,Fitria,,,,,,,,,
,Rafid Yuliarti,,,,,,,,,
,Koko Tampubolon,,,,,,,,,
,Tami,,,,,,,,,
,Purwadi,,,,,,,,,
,Tira Widiastuti,,,,,,,,,
,Lili,,,,,,,,,
,Jinawi Tamba,,,,,,,,,
,Luis,,,,,,,,,
,Emil,,,,,,,,,
,Citra Wibowo,,,,,,,,,
,Estiono,,,,,,,,,
,Narpati,,,,,,,,,
,Puti Elisa Agustina,,,,,,,,,
,Aslijan,,,,,,,,,
,Zulaikha Napitupulu,,,,,,,,,
,Virman Nasyiah,,,,,,,,,
,Yusuf Narpati,,,,,,,,,
,Olga Winarno,,,,,,,,,
,Nalar Widiastuti,,,,,,,,,
,Elon Gunarto,,,,,,,,,
,Pertiwi,,,,,,,,,
,Nababan,,,,,,,,,
,Fitriani,,,,,,,,,
,Erik Tamba,,,,,,,,,
,Artanto Pangestu,,,,,,,,,
,Cayadi Wibowo,,,,,,,,,
,Heryanto Prabowo,,,,,,,,,
,Queen Usamah,,,,,,,,,
,Rachel Budiman,,,,,,,,,
,Cengkal,,,,,,,,,
,Jagaraga Rajata,,,,,,,,,
,Cahyanto,,,,,,,,,
,Zulfa Haryanti,,,,,,,,,
,Elisa Damanik,,,,,,,,,
,Jais Yuliarti,,,,,,,,,
,Talia,,,,,,,,,
,Gaiman,,,,,,,,,
,Ani,,,,,,,,,
,Jaswadi Anggraini,,,,,,,,,
,Rahman Napitupulu,,,,,,,,,
,Harimurti,,,,,,,,,
,Oliva Hutasoit,,,,,,,,,
,Widya Tampubolon,,,,,,,,,
,Puti Belinda,,,,,,,,,
,Wakiman Kurniawan,,,,,,,,,
,Kemba,,,,,,,,,
,Dina Zulkarnain,,,,,,,,,
,Luthfi Kuswoyo,,,,,,,,,
,Nalar,,,,,,,,,
,Zelaya,,,,,,,,,
,Puti Vanesa Haryanti,,,,,,,,,
,Okta Usada,,,,,,,,,
,Darmaji Adriansyah,,,,,,,,,
,Alambana Yulianti,,,,,,,,,
,Zizi Laksita,,,,,,,,,
,Wijaya,,,,,,,,,
,Azalea,,,,,,,,,
,Jasmin Lailasari,,,,,,,,,
,Cut Gilda Rajasa,,,,,,,,,
,Febi,,,,,,,,,
,Dagel Prasetyo,,,,,,,,,
,Dongoran,,,,,,,,,
,Puti Titin Kuswandari,,,,,,,,,
,Nasyiah,,,,,,,,,
,Usman Hidayat,,,,,,,,,
,Imam Widodo,,,,,,,,,
,Aditya Napitupulu,,,,,,,,,
,Uchita Nasyiah,,,,,,,,,
,Ghaliyati,,,,,,,,,
,Cut Julia Zulkarnain,,,,,,,,,
,Johan,,,,,,,,,
,Lutfan Puspasari,,,,,,,,,
,Garang Tamba,,,,,,,,,
,Titin,,,,,,,,,
,Puti Irawan,,,,,,,,,
,Laila Hutasoit,,,,,,,,,
,Halima Dongoran,,,,,,,,,
,Lintang Hakim,,,,,,,,,
,Ibun,,,,,,,,,
,Nasim,,,,,,,,,
,Rahmat Palastri,,,,,,,,,
,Devi Firmansyah,,,,,,,,,
,Dalima Zulkarnain,,,,,,,,,
,Gawati Farida,,,,,,,,,
,Zalindra Hassanah,,,,,,,,,
,Aurora Pangestu,,,,,,,,,
,Prayoga Yolanda,,,,,,,,,
,Hardana Habibi,,,,,,,,,
,Uli,,,,,,,,,
,Pia,,,,,,,,,
,Julia Zulkarnain,,,,,,,,,
,Hartana,,,,,,,,,
,Narpati,,,,,,,,,
,Jefri Hassanah,,,,,,,,,
,Jessica Latupono,,,,,,,,,
,Nurul Agustina,,,,,,,,,
,Yance Pudjiastuti,,,,,,,,,
,Gandewa Wastuti,,,,,,,,,
,Raina,,,,,,,,,
,Usman Rajata,,,,,,,,,
,Laksmiwati,,,,,,,,,
,Gabriella Prastuti,,,,,,,,,
,Drajat Rahmawati,,,,,,,,,
,Adika,,,,,,,,,
,Karja Prayoga,,,,,,,,,
,Ramadan,,,,,,,,,
,Darimin Prabowo,,,,,,,,,
,Kani,,,,,,,,,
,Ade,,,,,,,,,
,Napitupulu,,,,,,,,,
,Pratiwi,,,,,,,,,
,Eva,,,,,,,,,
,Rajata,,,,,,,,,
,Kajen Usada,,,,,,,,,
,Cakrabuana Zulaika,,,,,,,,,
,Raharja Widiastuti,,,,,,,,,
,Hani Haryanti,,,,,,,,,
,Abyasa Budiyanto,,,,,,,,,
,Ella Riyanti,,,,,,,,,
,Ajeng Iswahyudi,,,,,,,,,
,Ami,,,,,,,,,
,Farhunnisa Hasanah,,,,,,,,,
,Erik Agustina,,,,,,,,,
,Ridwan Natsir,,,,,,,,,
,Utama Pudjiastuti,,,,,,,,,
,Zaenab Najmudin,,,,,,,,,
,Estiawan,,,,,,,,,
,Najwa Hariyah,,,,,,,,,
,Umaya,,,,,,,,,
,Ayu Lazuardi,,,,,,,,,
,Labuh,,,,,,,,,
,Tidak Diketahui,,,,,,,,,
,Jamal Pranowo,,,,,,,,,
,Puji Rahayu,,,,,,,,,
,Karta Prasetya,,,,,,,,,
,Faizah,,,,,,,,,
,Artawan Hardiansyah,,,,,,,,,
,Ridwan Dongoran,,,,,,,,,
,Natalia Halim,,,,,,,,,
,Darmanto,,,,,,,,,
,Latupono,,,,,,,,,
,Lurhur Widiastuti,,,,,,,,,
,Tri Thamrin,,,,,,,,,
,Anom,,,,,,,,,
,Praba Handayani,,,,,,,,,
,Raisa Budiyanto,,,,,,,,,
,Digdaya Prakasa,,,,,,,,,
,Cinta Yulianti,,,,,,,,,
,Yani Ardianto,,,,,,,,,
,Dodo,,,,,,,,,
,Hani,,,,,,,,,
,Ian Laksmiwati,,,,,,,,,
,Rizki Prasetya,,,,,,,,,
,Cakrabirawa,,,,,,,,,
,Ajimin Hariyah,,,,,,,,,
,Yuliarti,,,,,,,,,
,Tiara Irawan,,,,,,,,,
,Ika Novitasari,,,,,,,,,
,Teguh Najmudin,,,,,,,,,
,Darsirah Widiastuti,,,,,,,,,
,Cahyono Kusmawati,,,,,,,,,
,Artanto,,,,,,,,,
,Johan,,,,,,,,,
,Lestari,,,,,,,,,
,Warta,,,,,,,,,
,Farhunnisa Adriansyah,,,,,,,,,
,Kania Laksmiwati,,,,,,,,,
,Labuh Widiastuti,,,,,,,,,
,Cindy Rajasa,,,,,,,,,
,Enteng Handayani,,,,,,,,,
,Kartika Palastri,,,,,,,,,
,Ismail Zulaika,,,,,,,,,
,Irwan Yulianti,,,,,,,,,
,Artawan,,,,,,,,,
,Tidak Diketahui,,,,,,,,,
,Tami Hidayanto,,,,,,,,,
,Ifa Putra,,,,,,,,,
,Ajiono Hutasoit,,,,,,,,,
,Alika Lestari,,,,,,,,,
,Iriana Budiyanto,,,,,,,,,
,Halima Padmasari,,,,,,,,,
,Oskar Nababan,,,,,,,,,
,Rachel Firmansyah,,,,,,,,,
,Dagel Pratama,,,,,,,,,
,Aisyah Winarno,,,,,,,,,
,Cut Paris Waskita,,,,,,,,,
,Darsirah Laksmiwati,,,,,,,,,
,Cakrabirawa Purnawati,,,,,,,,,
,Belinda Lestari,,,,,,,,,
,Jamil Wijaya,,,,,,,,,
,Tania Firmansyah,,,,,,,,,
,Hari,,,,,,,,,
,Rina Budiyanto,,,,,,,,,
,Olivia Permata,,,,,,,,,
,Jaiman Budiman,,,,,,,,,
,Gunarto,,,,,,,,,
,Yulianti,,,,,,,,,
,Cut Rahayu Andriani,,,,,,,,,
,Balapati Usamah,,,,,,,,,
,Dalimin Laksita,,,,,,,,,
,Gamanto Prasetyo,,,,,,,,,
,Baktiono Tampubolon,,,,,,,,,
,Ulya,,,,,,,,,
,Adhiarja Prastuti,,,,,,,,,
,Kamaria Hassanah,,,,,,,,,
,Zelda Lestari,,,,,,,,,
,Rama Iswahyudi,,,,,,,,,
,Viktor Gunarto,,,,,,,,,
,Jaga Damanik,,,,,,,,,
,Rafi,,,,,,,,,
,Najmudin,,,,,,,,,
,Dina Ardianto,,,,,,,,,
,Prabowo,,,,,,,,,
,Balangga Kusmawati,,,,,,,,,
,Vanesa,,,,,,,,,
,Caturangga Zulkarnain,,,,,,,,,
,Kamidin Namaga,,,,,,,,,
,Karimah Wahyuni,,,,,,,,,
,Latika Purwanti,,,,,,,,,
,Lintang Hartati,,,,,,,,,
,Uwais,,,,,,,,,
,Yance,,,,,,,,,
,Ida Wijaya,,,,,,,,,
,Prayogo Dongoran,,,,,,,,,
,Jasmin Nurdiyanti,,,,,,,,,
,Garan Hartati,,,,,,,,,
,Cakrawala,,,,,,,,,
,Puspasari,,,,,,,,,
,Alika,,,,,,,,,
,Diana,,,,,,,,,
,Teddy Agustina,,,,,,,,,
,Tirtayasa Agustina,,,,,,,,,
,Cut Elvina Usamah,,,,,,,,,
,Hasta,,,,,,,,,
,Irnanto Hutagalung,,,,,,,,,
,Prabowo,,,,,,,,,
,Ian Iswahyudi,,,,,,,,,
,Zahra Rajasa,,,,,,,,,
,Chelsea Padmasari,,,,,,,,,
,Farida,,,,,,,,,
,Kurnia,,,,,,,,,
,Atmaja,,,,,,,,,
,Agnes Lailasari,,,,,,,,,
,Nrima,,,,,,,,,
,Tina,,,,,,,,,
,Kasim,,,,,,,,,
,Tina Halimah,,,,,,,,,
,Titi Wulandari,,,,,,,,,
,Ulya Prayoga,,,,,,,,,
,Jamal,,,,,,,,,
,Ifa Budiman,,,,,,,,,
,Ibrani Permata,,,,,,,,,
,Padmi Andriani,,,,,,,,,
,Bahuwirya Zulaika,,,,,,,,,
,Dodo Rahimah,,,,,,,,,
,Baktiono Kuswoyo,,,,,,,,,
,Amalia Thamrin,,,,,,,,,
,Hassanah,,,,,,,,,
,Diah Anggraini,,,,,,,,,
,Tidak Diketahui,,,,,,,,,
,Ratna Rahayu,,,,,,,,,
,Arsipatra Yuniar,,,,,,,,,
,Nurul Hidayat,,,,,,,,,
,Faizah Rahayu,,,,,,,,,
,Cici Palastri,,,,,,,,,
,Purwa,,,,,,,,,
,Bajragin,,,,,,,,,
,Halimah,,,,,,,,,
,Eli,,,,,,,,,
,Karen,,,,,,,,,
,Radika Anggraini,,,,,,,,,
,Novi Namaga,,,,,,,,,
,Jasmin Firmansyah,,,,,,,,,
,Cagak Hidayanto,,,,,,,,,
,Febi Rajata,,,,,,,,,
,Paiman Permadi,,,,,,,,,
,Cawuk Winarsih,,,,,,,,,
,Uda Rajasa,,,,,,,,,
,Kiandra Nashiruddin,,,,,,,,,
,Warsa Prabowo,,,,,,,,,
,Harjasa Astuti,,,,,,,,,
,Gawati Waskita,,,,,,,,,
,Kayla Ardianto,,,,,,,,,
,Cakrawala Prabowo,,,,,,,,,
,Pangestu Kusmawati,,,,,,,,,
,Puti Ina Ramadan,,,,,,,,,
,Raden Tampubolon,,,,,,,,,
,Kariman Lailasari,,,,,,,,,
,Gangsa Thamrin,,,,,,,,,
,Cut Anastasia Usada,,,,,,,,,
,Kalim Halim,,,,,,,,,
,Cut,,,,,,,,,
,Tidak Diketahui,,,,,,,,,
,Qori,,,,,,,,,
,Daryani Winarno,,,,,,,,,
,Purwa Rahayu,,,,,,,,,
,Prayitna,,,,,,,,,
,Violet Nababan,,,,,,,,,
,Dewi Wacana,,,,,,,,,
,Pradana,,,,,,,,,
,Faizah Zulaika,,,,,,,,,
,Hana,,,,,,,,,
,Asmuni Nababan,,,,,,,,,
,Tiara Puspasari,,,,,,,,,
,Usamah,,,,,,,,,
,Banawi Iswahyudi,,,,,,,,,
,Farah,,,,,,,,,
,Wahyudin,,,,,,,,,
,Budiyanto,,,,,,,,,
,Puti Lazuardi,,,,,,,,,
,Bella,,,,,,,,,
,Clara Nainggolan,,,,,,,,,
,Nugraha Wibisono,,,,,,,,,
,Paramita Nuraini,,,,,,,,,
,Putri Nainggolan,,,,,,,,,
,Legawa,,,,,,,,,
,Kuncara Wahyuni,,,,,,,,,
,Puji,,,,,,,,,
,Rika,,,,,,,,,
,Chelsea Waluyo,,,,,,,,,
,Gamani Napitupulu,,,,,,,,,
,Qori Nababan,,,,,,,,,
,Kamaria Puspita,,,,,,,,,
,Candra Uyainah,,,,,,,,,
,Oliva Wulandari,,,,,,,,,
,Hasanah,,,,,,,,,
,Zizi Puspita,,,,,,,,,
,Lailasari,,,,,,,,,
,Puti Puspita,,,,,,,,,
,Prabawa Firgantoro,,,,,,,,,
,Caket Farida,,,,,,,,,
,Wakiman Nainggolan,,,,,,,,,
,Langgeng Putra,,,,,,,,,
,Jessica Zulkarnain,,,,,,,,,
,Genta,,,,,,,,,
,Elvina Wastuti,,,,,,,,,
,Tami,,,,,,,,,
,Wani Kuswoyo,,,,,,,,,
,Viman Adriansyah,,,,,,,,,
,Diana,,,,,,,,,
,Lala,,,,,,,,,
,Danu,,,,,,,,,
,Padmasari,,,,,,,,,
,Nadia,,,,,,,,,
,Hidayanto,,,,,,,,,
,Luthfi Agustina,,,,,,,,,
,Dariati Nuraini,,,,,,,,,
,Rajata,,,,,,,,,
,Tidak Diketahui,,,,,,,,,
,Victoria,,,,,,,,,
,Talia Prayoga,,,,,,,,,
,Juli Anggraini,,,,,,,,,
,Prabowo Budiman,,,,,,,,,
,Banara Usada,,,,,,,,,
,Fitria Pranowo,,,,,,,,,
,Yessi,,,,,,,,,
,Haryanti,,,,,,,,,
,Puti Widodo,,,,,,,,,
,Utama,,,,,,,,,
,Hartaka Hidayat,,,,,,,,,
,Kasiyah Agustina,,,,,,,,,
,Rahayu Widiastuti,,,,,,,,,
,Irma Gunarto,,,,,,,,,
,Uda Wijaya,,,,,,,,,
,Titin Yulianti,,,,,,,,,
,Rahmat Zulaika,,,,,,,,,
,Daru Halim,,,,,,,,,
,Hilda Pradipta,,,,,,,,,
,Jatmiko,,,,,,,,,
,Endah Widiastuti,,,,,,,,,
,Wawan Tarihoran,,,,,,,,,
,Agnes Najmudin,,,,,,,,,
,Kasiyah,,,,,,,,,
,Wasita,,,,,,,,,
,Hardana Prabowo,,,,,,,,,
,Luluh Prayoga,,,,,,,,,
,Restu,,,,,,,,,
,Lalita Wahyuni,,,,,,,,,
,Kezia Purwanti,,,,,,,,,
,Karman Gunarto,,,,,,,,,
,Wahyu Anggraini,,,,,,,,,
,Laras Winarsih,,,,,,,,,
,Lestari,,,,,,,,,
,Puti Cindy Nasyiah,,,,,,,,,
,Nugraha,,,,,,,,,
,Ella Hariyah,,,,,,,,,
,Harto Halim,,,,,,,,,
,Oskar,,,,,,,,,
,Betania,,,,,,,,,
,Puti Ella Lestari,,,,,,,,,
,Tina Budiman,,,,,,,,,
,Latif Narpati,,,,,,,,,
,Cut Azalea Nugroho,,,,,,,,,
,Chelsea Wahyuni,,,,,,,,,
,Alika Prasasta,,,,,,,,,
,Tidak Diketahui,,,,,,,,,
,Natsir,,,,,,,,,
,Zamira Fujiati,,,,,,,,,
,Kenes Haryanti,,,,,,,,,
,Raina,,,,,,,,,
,Ivan Habibi,,,,,,,,,
,Azalea,,,,,,,,,
,Rosman,,,,,,,,,
,Lidya Wastuti,,,,,,,,,
,Laksita,,,,,,,,,
,Tira Oktaviani,,,,,,,,,
,Alika Permadi,,,,,,,,,
,Galih,,,,,,,,,
,Wira Nashiruddin,,,,,,,,,
,Paulin Laksita,,,,,,,,,
,Keisha Kusmawati,,,,,,,,,
,Bakiono Adriansyah,,,,,,,,,
,Aryani,,,,,,,,,
,Ghaliyati Astuti,,,,,,,,,
,Rafid Hassanah,,,,,,,,,
,Budi Rahmawati,,,,,,,,,
,Hesti Yulianti,,,,,,,,,
,Kezia Wijayanti,,,,,,,,,
,Warji,,,,,,,,,
,Nasim Natsir,,,,,,,,,
,Pratiwi,,,,,,,,,
,Tasnim,,,,,,,,,
,Zizi Nurdiyanti,,,,,,,,,
,Elon Thamrin,,,,,,,,,
,Uda Fujiati,,,,,,,,,
,Prayoga,,,,,,,,,
,Hendra Usamah,,,,,,,,,
,Yunita,,,,,,,,,
,Puput,,,,,,,,,
,Oman Agustina,,,,,,,,,
,Nasab Gunarto,,,,,,,,,
,Laila Dabukke,,,,,,,,,
,Danu Wasita,,,,,,,,,
,Talia Hardiansyah,,,,,,,,,
,Gatra Nugroho,,,,,,,,,
,Lukman Permata,,,,,,,,,
,Natsir,,,,,,,,,
,Kasim Hastuti,,,,,,,,,
,Ibrani Utami,,,,,,,,,
,Jarwadi Kuswandari,,,,,,,,,
,Vino Natsir,,,,,,,,,
,Jagaraga Laksmiwati,,,,,,,,,
,Harjasa Palastri,,,,,,,,,
,Usman Pradana,,,,,,,,,
,Eva,,,,,,,,,
,Puti Tami,,,,,,,,,
,Adika,,,,,,,,,
,Pia Jailani,,,,,,,,,
,Labuh,,,,,,,,,
,Arsipatra Latupono,,,,,,,,,
,Yunita Hariyah,,,,,,,,,
,Hardi Latupono,,,,,,,,,
,Rachel,,,,,,,,,
,Kanda Winarsih,,,,,,,,,
,Cemani Pranowo,,,,,,,,,
,Atma Permadi,,,,,,,,,
,Tira Padmasari,,,,,,,,,
,Kasiyah Agustina,,,,,,,,,
,Hassanah,,,,,,,,,
,Harto Pradipta,,,,,,,,,
,Genta Novitasari,,,,,,,,,
,Febi Zulaika,,,,,,,,,
,Adinata Prasetyo,,,,,,,,,
,Hana Yuniar,,,,,,,,,
,Yessi Zulaika,,,,,,,,,
,Zelaya Zulaika,,,,,,,,,
,Kamaria,,,,,,,,,
,Jayadi Prasasta,,,,,,,,,
,Rusman,,,,,,,,,
,Ade Utami,,,,,,,,,
,Kamaria,,,,,,,,,
,Putri,,,,,,,,,
,Olga Astuti,,,,,,,,,
,Lukman Wibisono,,,,,,,,,
,Tidak Diketahui,,,,,,,,,
,Kanda,,,,,,,,,
,Hartana,,,,,,,,,
,Okta Fujiati,,,,,,,,,
,Jagaraga,,,,,,,,,
,Danang,,,,,,,,,
,Chelsea Hassanah,,,,,,,,,
,Cut Ami Anggraini,,,,,,,,,
,Zelda Prasetya,,,,,,,,,
,Prayitna Damanik,,,,,,,,,
,Bakda Usamah,,,,,,,,,
,Putri Hutasoit,,,,,,,,,
,Luluh Yulianti,,,,,,,,,
,Titi Ardianto,,,,,,,,,
,Tri,,,,,,,,,
,Bajragin Handayani,,,,,,,,,
,Rama Winarsih,,,,,,,,,
,Citra,,,,,,,,,
,Irma Haryanti,,,,,,,,,
,Ulva Prayoga,,,,,,,,,
,Cawisadi Zulkarnain,,,,,,,,,
,Kania Nababan,,,,,,,,,
,Cemplunk Wibowo,,,,,,,,,
,Atmaja Nuraini,,,,,,,,,
,Indra Napitupulu,,,,,,,,,
,Tasdik Haryanti,,,,,,,,,
,Puspa Wahyuni,,,,,,,,,
,Hana Pratiwi,,,,,,,,,
,Kuncara Rajata,,,,,,,,,
,Usada,,,,,,,,,
,Prasasta,,,,,,,,,
,Panca Hassanah,,,,,,,,,
,Harjaya Narpati,,,,,,,,,
,Tiara Hartati,,,,,,,,,
,Kamila,,,,,,,,,
,Hilda Nababan,,,,,,,,,
,Gandewa,,,,,,,,,
,Kala Nasyidah,,,,,,,,,
,Gasti Pradipta,,,,,,,,,
,Ibun Wastuti,,,,,,,,,
,Gading Padmasari,,,,,,,,,
,Genta Hartati,,,,,,,,,
,Artanto Wijaya,,,,,,,,,
,Luhung Wasita,,,,,,,,,
,Pranowo,,,,,,,,,
,Rina Hastuti,,,,,,,,,
,Prakasa,,,,,,,,,
,Firgantoro,,,,,,,,,
,Teguh,,,,,,,,,
,Devi Uyainah,,,,,,,,,
,Farida,,,,,,,,,
,Kasiyah Prasetya,,,,,,,,,
,Raharja Wijaya,,,,,,,,,
,Cinta,,,,,,,,,
,Betania Pudjiastuti,,,,,,,,,
,Kezia,,,,,,,,,
,Pangeran,,,,,,,,,
,Karma Puspasari,,,,,,,,,
,Widya Palastri,,,,,,,,,
,Wage Wijayanti,,,,,,,,,
,Wacana,,,,,,,,,
,Ayu Astuti,,,,,,,,,
,Aswani Habibi,,,,,,,,,
,Vero Damanik,,,,,,,,,
,Hilda Aryani,,,,,,,,,
,Hardiansyah,,,,,,,,,
,Titi Gunarto,,,,,,,,,
,Ade,,,,,,,,,
,Lala,,,,,,,,,
,Azalea Permata,,,,,,,,,
,Kartika Pradana,,,,,,,,,
,Titi Rajata,,,,,,,,,
,Hafshah Widodo,,,,,,,,,
,Budi Handayani,,,,,,,,,
,Opan,,,,,,,,,
,Vivi Novitasari,,,,,,,,,
,Prasetya,,,,,,,,,
,Dinda,,,,,,,,,
,Baktianto Nashiruddin,,,,,,,,,
,Lidya Pangestu,,,,,,,,,
,Luwar Prastuti,,,,,,,,,
,Damanik,,,,,,,,,
,Ifa Adriansyah,,,,,,,,,
,Bagas Pratiwi,,,,,,,,,
,Intan,,,,,,,,,
,Cinta,,,,,,,,,
,Vino Halim,,,,,,,,,
,Tugiman Iswahyudi,,,,,,,,,
,Emin Nasyidah,,,,,,,,,
,Nugraha,,,,,,,,,
,Jaka Dabukke,,,,,,,,,
,Yosef Hidayat,,,,,,,,,
,Wulandari,,,,,,,,,
,Empluk Rahimah,,,,,,,,,
,Zamira Andriani,,,,,,,,,
,Puji,,,,,,,,,
,Prastuti,,,,,,,,,
,Nugroho,,,,,,,,,
,Oskar Puspasari,,,,,,,,,
,Harjo Adriansyah,,,,,,,,,
,Kani Wibisono,,,,,,,,,
,Puti Adriansyah,,,,,,,,,
,Laksana Pranowo,,,,,,,,,
,Amalia Wibowo,,,,,,,,,
,Yunita,,,,,,,,,
,Amalia Hasanah,,,,,,,,,
,Raisa Pertiwi,,,,,,,,,
,Putri Uyainah,,,,,,,,,
,Ivan Gunarto,,,,,,,,,
,Nadine Budiman,,,,,,,,,
,Paramita,,,,,,,,,
,Ismail Puspita,,,,,,,,,
,Putri Wibisono,,,,,,,,,
,Jumari Utami,,,,,,,,,
,Dian Hastuti,,,,,,,,,
,Karimah Pertiwi,,,,,,,,,
,Nrima,,,,,,,,,
,Uchita Nugroho,,,,,,,,,
,Oni Pratiwi,,,,,,,,,
,Nadia Kuswoyo,,,,,,,,,
,Kawaya Usada,,,,,,,,,
,Bahuraksa Januar,,,,,,,,,
,Winarno,,,,,,,,,
,Raharja,,,,,,,,,
,Gading Narpati,,,,,,,,,
,Qori Prasetyo,,,,,,,,,
,Jindra Pradipta,,,,,,,,,
,Talia,,,,,,,,,
,Hesti Nugroho,,,,,,,,,
,Zizi Prastuti,,,,,,,,,
,Puti Irawan,,,,,,,,,
,Puji Widodo,,,,,,,,,
,Jagaraga Hutapea,,,,,,,,,
,Rahayu,,,,,,,,,
,Rahayu Purwanti,,,,,,,,,
,Danu Zulaika,,,,,,,,,
,Iriana Firgantoro,,,,,,,,,
,Balamantri Rahimah,,,,,,,,,
,Lasmono Purwanti,,,,,,,,,
,Lidya,,,,,,,,,
,Prayoga Hardiansyah,,,,,,,,,
,Nasab Nainggolan,,,,,,,,,
,Lili Haryanti,,,,,,,,,
,Hamima,,,,,,,,,
,Jagaraga Nugroho,,,,,,,,,
,Xanana,,,,,,,,,
,Irsad Hakim,,,,,,,,,
,Abyasa Nababan,,,,,,,,,
,Prabowo,,,,,,,,,
,Emong Hutagalung,,,,,,,,,
,Winda,,,,,,,,,
,Prabu Nugroho,,,,,,,,,
,Elma Wulandari,,,,,,,,,
,Ulya,,,,,,,,,
,Belinda Nainggolan,,,,,,,,,
,Titi Tampubolon,,,,,,,,,
,Gamanto Kusumo,,,,,,,,,
,Tidak Diketahui,,,,,,,,,
,Riyanti,,,,,,,,,
,Titin,,,,,,,,,
,Jagaraga Budiman,,,,,,,,,
,Asirwanda Purwanti,,,,,,,,,
,Putri Yuliarti,,,,,,,,,
,Intan Thamrin,,,,,,,,,
,Puti Zelda Tampubolon,,,,,,,,,
,Vanya Permadi,,,,,,,,,
,Paris Pratama,,,,,,,,,
,Rachel,,,,,,,,,
,Hassanah,,,,,,,,,
,Ratih,,,,,,,,,
,Restu Pangestu,,,,,,,,,
,Bakti Prayoga,,,,,,,,,
,Eko,,,,,,,,,
,Ella Jailani,,,,,,,,,
,Umi Nababan,,,,,,,,,
,Aisyah,,,,,,,,,
,Dimaz Hasanah,,,,,,,,,
,Waluyo Prakasa,,,,,,,,,
,Ibrahim Rahayu,,,,,,,,,
,Ulya,,,,,,,,,
,Pradana,,,,,,,,,
,Limar,,,,,,,,,
,Lintang Rahayu,,,,,,,,,
,Kiandra Pradipta,,,,,,,,,
,Paris Oktaviani,,,,,,,,,
,Rina,,,,,,,,,
,Cut Lidya Dabukke,,,,,,,,,
,Karen Aryani,,,,,,,,,
,Titi Astuti,,,,,,,,,
,Lalita Permadi,,,,,,,,,
,Lintang,,,,,,,,,
,Adinata Winarno,,,,,,,,,
,Ade Rahayu,,,,,,,,,
,Aslijan Nurdiyanti,,,,,,,,,
,Pangeran Wasita,,,,,,,,,
,Virman Januar,,,,,,,,,
,Restu Prasasta,,,,,,,,,
,Kenari Zulkarnain,,,,,,,,,
,Puti Bella Purnawati,,,,,,,,,
,Napitupulu,,,,,,,,,
,Padma Permata,,,,,,,,,
,Gilda,,,,,,,,,
,Okto Nainggolan,,,,,,,,,
,Karma Wasita,,,,,,,,,
,Vivi Wahyudin,,,,,,,,,
,Elvina Tamba,,,,,,,,,
,Zahra,,,,,,,,,
,Nainggolan,,,,,,,,,
,Ade,,,,,,,,,
,Cut Nababan,,,,,,,,,
,Ella Hidayat,,,,,,,,,
,Ophelia Dabukke,,,,,,,,,
,Galuh Padmasari,,,,,,,,,
,Asirwada,,,,,,,,,
,Hasan Hidayanto,,,,,,,,,
,Emin Laksita,,,,,,,,,
,Puti Cinta Nuraini,,,,,,,,,
,Daniswara Usada,,,,,,,,,
,Putri Nainggolan,,,,,,,,,
,Umaya Dabukke,,,,,,,,,
,Kasim Zulaika,,,,,,,,,
,Legawa Yolanda,,,,,,,,,
,Elvina Prasetyo,,,,,,,,,
,Gunawan,,,,,,,,,
,Ciaobella Ardianto,,,,,,,,,
,Aditya Wasita,,,,,,,,,
,Belinda Nugroho,,,,,,,,,
,Jasmin Pranowo,,,,,,,,,
,Tidak Diketahui,,,,,,,,,
,Gilang Wulandari,,,,,,,,,
,Rendy Firmansyah,,,,,,,,,
,Padmi Anggriawan,,,,,,,,,
,Yahya Oktaviani,,,,,,,,,
,Eja Kuswandari,,,,,,,,,
,Yono Namaga,,,,,,,,,
,Zalindra Permata,,,,,,,,,
,Wibisono,,,,,,,,,
,Rina Nuraini,,,,,,,,,
,Vivi Lailasari,,,,,,,,,
,Gawati Firmansyah,,,,,,,,,
,Karma Wulandari,,,,,,,,,
,Dian,,,,,,,,,
,Galar Handayani,,,,,,,,,
,Ihsan Waluyo,,,,,,,,,
,Garan Hutapea,,,,,,,,,
,Estiawan Hartati,,,,,,,,,
,Hairyanto Budiyanto,,,,,,,,,
,Gading Tamba,,,,,,,,,
,Harsana Tarihoran,,,,,,,,,
,Ami,,,,,,,,,
,Tidak Diketahui,,,,,,,,,
,Waluyo,,,,,,,,,
,Novi Anggraini,,,,,,,,,
,Candra Prakasa,,,,,,,,,
,Puti Dewi Pudjiastuti,,,,,,,,,
,Reza Purwanti,,,,,,,,,
,Elvin Rahimah,,,,,,,,,
,Kardi Adriansyah,,,,,,,,,
,Hassanah,,,,,,,,,
,Rendy Jailani,,,,,,,,,
,Cemplunk Purnawati,,,,,,,,,
,Ajiono,,,,,,,,,
,Riyanti,,,,,,,,,
,Vivi Purnawati,,,,,,,,,
,Zulkarnain,,,,,,,,,
,Cengkal Handayani,,,,,,,,,
,Karya Rahmawati,,,,,,,,,
,Kania Narpati,,,,,,,,,
,Kamaria Anggriawan,,,,,,,,,
,Natalia Nurdiyanti,,,,,,,,,
,Gilda Usamah,,,,,,,,,
,Jagaraga,,,,,,,,,
,Jagaraga Usamah,,,,,,,,,
,Warsita Pradipta,,,,,,,,,
,Wahyuni,,,,,,,,,
,Usyi Hutasoit,,,,,,,,,
,Enteng Oktaviani,,,,,,,,,
,Gamanto Wibowo,,,,,,,,,
,Opung Nashiruddin,,,,,,,,,
,Tiara Kusumo,,,,,,,,,
,Damu Pradana,,,,,,,,,
,Aurora Winarsih,,,,,,,,,
,Eka Lestari,,,,,,,,,
,Argono Nugroho,,,,,,,,,
,Hamima Uwais,,,,,,,,,
,Wacana,,,,,,,,,
,Pia Astuti,,,,,,,,,
,Kanda,,,,,,,,,
,Kawaca,,,,,,,,,
,Eman Rahayu,,,,,,,,,
,Jarwi Kusumo,,,,,,,,,
,Oliva Anggriawan,,,,,,,,,
,Gamanto Oktaviani,,,,,,,,,
,Kunthara Puspita,,,,,,,,,
,Gawati,,,,,,,,,
,Jasmin Tarihoran,,,,,,,,,
,Gara Purnawati,,,,,,,,,
,Kemba,,,,,,,,,
,Yosef Usamah,,,,,,,,,
,Yance Andriani,,,,,,,,,
,Anom,,,,,,,,,
,Baktiadi Usamah,,,,,,,,,
,Kenzie Agustina,,,,,,,,,
,Olivia Budiman,,,,,,,,,
,Putri Uwais,,,,,,,,,
,Galang,,,,,,,,,
,Panji Januar,,,,,,,,,
,Titi Hutapea,,,,,,,,,
,Cut Chelsea Winarsih,,,,,,,,,
,Faizah,,,,,,,,,
,Wulan Najmudin,,,,,,,,,
,Lalita Narpati,,,,,,,,,
,Anggraini,,,,,,,,,
,Ayu Hakim,,,,,,,,,
,Violet Wibowo,,,,,,,,,
,Ika Pradipta,,,,,,,,,
,Diah Budiman,,,,,,,,,
,Kiandra Lailasari,,,,,,,,,
,Prima Pangestu,,,,,,,,,
,Xanana Rahayu,,,,,,,,,
,Caraka Palastri,,,,,,,,,
,Cut Puti Astuti,,,,,,,,,
,Titin Kuswandari,,,,,,,,,
,Laswi,,,,,,,,,
,Pradana,,,,,,,,,
,Chelsea Andriani,,,,,,,,,
,Arta Nurdiyanti,,,,,,,,,
,Yusuf Lestari,,,,,,,,,
,Ganjaran,,,,,,,,,
,Agnes,,,,,,,,,
,Ida,,,,,,,,,
,Qori Gunawan,,,,,,,,,
,Jono Budiman,,,,,,,,,
,Jati Pertiwi,,,,,,,,,
,Farhunnisa Halimah,,,,,,,,,
,Belinda Jailani,,,,,,,,,
,Ellis,,,,,,,,,
,Prakosa Habibi,,,,,,,,,
,Ratih Hassanah,,,,,,,,,
,Galih Gunawan,,,,,,,,,
,Zulaikha Rahayu,,,,,,,,,
,Ayu Tamba,,,,,,,,,
,Cahyono Hartati,,,,,,,,,
,Tidak Diketahui,,,,,,,,,
,Nadine Kuswandari,,,,,,,,,
,Jindra Nuraini,,,,,,,,,
,Nadine Lazuardi,,,,,,,,,
,Nyana Nasyidah,,,,,,,,,
,Wulan Dabukke,,,,,,,,,
,Catur Januar,,,,,,,,,
,Darmana Pratiwi,,,,,,,,,
,Jane,,,,,,,,,
,Fitriani Usada,,,,,,,,,
,Bakti Halim,,,,,,,,,
,Raina Prastuti,,,,,,,,,
,Cut Titin,,,,,,,,,
,Laila Riyanti,,,,,,,,,
,Gina Hidayat,,,,,,,,,
,Unggul,,,,,,,,,
,Nova,,,,,,,,,
,Hutasoit,,,,,,,,,
,Betania Tamba,,,,,,,,,
,Rahayu Wahyudin,,,,,,,,,
,Tari Prayoga,,,,,,,,,
,Galar,,,,,,,,,
,Unjani,,,,,,,,,
,Oman Haryanto,,,,,,,,,
,Padma Kusmawati,,,,,,,,,
,Kusmawati,,,,,,,,,
,Intan,,,,,,,,,
,Galur Tampubolon,,,,,,,,,
,Ibun Namaga,,,,,,,,,
,Ihsan,,,,,,,,,
,Pandu Kuswandari,,,,,,,,,
,Usyi Wibisono,,,,,,,,,
,Zalindra Kusumo,,,,,,,,,
,Tidak Diketahui,,,,,,,,,
,Galih Kurniawan,,,,,,,,,
,Purwanto Andriani,,,,,,,,,
,Gantar Laksmiwati,,,,,,,,,
,Kamaria Astuti,,,,,,,,,
,Anggraini,,,,,,,,,
,Ulya Natsir,,,,,,,,,
,Jumari Hutapea,,,,,,,,,
,Gamani Puspasari,,,,,,,,,
,Endah,,,,,,,,,
,Raina Permata,,,,,,,,,
,Teguh Permata,,,,,,,,,
,Oliva,,,,,,,,,
,Johan Nainggolan,,,,,,,,,
,Vanesa Astuti,,,,,,,,,
,Janet Aryani,,,,,,,,,
,Anastasia Halim,,,,,,,,,
,Yosef Budiman,,,,,,,,,
,Akarsana Widiastuti,,,,,,,,,
,Dewi,,,,,,,,,
,Puti Ina,,,,,,,,,
,Panji Lailasari,,,,,,,,,
,Jagaraga,,,,,,,,,
,Humaira Habibi,,,,,,,,,
,Ibun Astuti,,,,,,,,,
,Tami Nainggolan,,,,,,,,,
,Endah Nashiruddin,,,,,,,,,
,Tidak Diketahui,,,,,,,,,
,Darmana Hakim,,,,,,,,,
,Bahuwirya Hidayat,,,,,,,,,
,Jaiman Yuliarti,,,,,,,,,
,Devi,,,,,,,,,
,Clara Wahyuni,,,,,,,,,
,Rahayu Hastuti,,,,,,,,,
,Praba Rajata,,,,,,,,,
,Kenes Budiyanto,,,,,,,,,
,Chelsea,,,,,,,,,
,Rahmi,,,,,,,,,
,Najwa,,,,,,,,,
,Danu Napitupulu,,,,,,,,,
,Wisnu Astuti,,,,,,,,,
,Firmansyah,,,,,,,,,
,Zaenab Budiyanto,,,,,,,,,
,Aslijan,,,,,,,,,
,Radit Januar,,,,,,,,,
,Halim Handayani,,,,,,,,,
,Bahuraksa Yulianti,,,,,,,,,
,Rahmat Dabukke,,,,,,,,,
,Kasiyah Natsir,,,,,,,,,
,Ophelia Hidayat,,,,,,,,,
,Kambali,,,,,,,,,
,Elisa Lestari,,,,,,,,,
,Lanang Hidayat,,,,,,,,,
,Tedi,,,,,,,,,
,Cut Halima Farida,,,,,,,,,
,Respati Agustina,,,,,,,,,
,Estiawan,,,,,,,,,
,Rini Novitasari,,,,,,,,,
,Widiastuti,,,,,,,,,
,Cahyanto,,,,,,,,,
,Uchita Pratiwi,,,,,,,,,
,Cemplunk Prasetya,,,,,,,,,
,Raharja Nasyidah,,,,,,,,,
,Baktiadi Irawan,,,,,,,,,
,Kairav Iswahyudi,,,,,,,,,
,Vinsen,,,,,,,,,
,Vanesa Najmudin,,,,,,,,,
,Ade Januar,,,,,,,,,
,Jaswadi Yuliarti,,,,,,,,,
,Tina Hakim,,,,,,,,,
,Vera,,,,,,,,,
,Zulkarnain,,,,,,,,,
,Lukita Rajasa,,,,,,,,,
,Olga Napitupulu,,,,,,,,,
,Limar Firmansyah,,,,,,,,,
,Luis,,,,,,,,,
,Tidak Diketahui,,,,,,,,,
,Vivi Prayoga,,,,,,,,,
,Ian,,,,,,,,,
,Reza Zulkarnain,,,,,,,,,
,Enteng Rahimah,,,,,,,,,
,Dirja,,,,,,,,,
,Empluk Winarsih,,,,,,,,,
,Jelita Haryanti,,,,,,,,,
,Rachel Padmasari,,,,,,,,,
,Rahayu Tarihoran,,,,,,,,,
,Dimaz Nuraini,,,,,,,,,
,Wawan Najmudin,,,,,,,,,
,Kasim,,,,,,,,,
,Hartana Dongoran,,,,,,,,,
,Narji Winarsih,,,,,,,,,
,Emin Usada,,,,,,,,,
,Wasis,,,,,,,,,
,Embuh Dabukke,,,,,,,,,
,Langgeng Hutagalung,,,,,,,,,
,Tantri,,,,,,,,,
,Karen Jailani,,,,,,,,,
,Dariati Nugroho,,,,,,,,,
,Putri,,,,,,,,,
,Kasiran Puspasari,,,,,,,,,
,Harsanto,,,,,,,,,
,Jessica Hariyah,,,,,,,,,
,Karsa Widodo,,,,,,,,,
,Raden Andriani,,,,,,,,,
,Dian Halimah,,,,,,,,,
,Kambali,,,,,,,,,
,Ghaliyati,,,,,,,,,
,Cakrawangsa Yulianti,,,,,,,,,
,Cahya Prastuti,,,,,,,,,
,Koko Wahyudin,,,,,,,,,
,Qori Dongoran,,,,,,,,,
,Raden Laksita,,,,,,,,,
,Citra Dabukke,,,,,,,,,
,Cindy Wahyuni,,,,,,,,,
,Hana Hutasoit,,,,,,,,,
,Waluyo Firmansyah,,,,,,,,,
,Eva Purnawati,,,,,,,,,
,Zahra,,,,,,,,,
,Victoria Budiman,,,,,,,,,
,Ami Hakim,,,,,,,,,
,Nurul Firgantoro,,,,,,,,,
,Narpati,,,,,,,,,
,Hilda Padmasari,,,,,,,,,
,Elma Januar,,,,,,,,,
,Edison Rahimah,,,,,,,,,
,Kunthara,,,,,,,,,
,Jati Prasetyo,,,,,,,,,
,Prayoga Riyanti,,,,,,,,,
,Hutasoit,,,,,,,,,
,Cindy Handayani,,,,,,,,,
,Jaka Wahyuni,,,,,,,,,
,Tidak Diketahui,,,,,,,,,
,Bakianto Puspasari,,,,,,,,,
,Wahyu Gunawan,,,,,,,,,
,Dewi Nurdiyanti,,,,,,,,,
,Irma Farida,,,,,,,,,
,Lala Hutagalung,,,,,,,,,
,Hani,,,,,,,,,
,Catur Purwanti,,,,,,,,,
,Atma Firgantoro,,,,,,,,,
,Jumadi Palastri,,,,,,,,,
,Patricia Hidayanto,,,,,,,,,
,Karimah Usada,,,,,,,,,
,Dabukke,,,,,,,,,
,Embuh,,,,,,,,,
,Betania Hartati,,,,,,,,,
,Eka,,,,,,,,,
,Catur,,,,,,,,,
,Zulaika,,,,,,,,,
,Tidak Diketahui,,,,,,,,,
,Darmaji,,,,,,,,,
,Cemeti,,,,,,,,,
,Prakosa,,,,,,,,,
,Lembah Pratama,,,,,,,,,
,Raharja Puspasari,,,,,,,,,
,Zaenab Jailani,,,,,,,,,
,Winda,,,,,,,,,
,Jelita Aryani,,,,,,,,,
,Yahya Zulkarnain,,,,,,,,,
,Nova,,,,,,,,,
,Yono Pradipta,,,,,,,,,
,Opung Kusumo,,,,,,,,,
,Jaswadi,,,,,,,,,
,Lintang,,,,,,,,,
,Perkasa,,,,,,,,,
,Ulva Pratama,,,,,,,,,
,Gandi Prayoga,,,,,,,,,
,Haryanti,,,,,,,,,
,Laras,,,,,,,,,
,Anita Rajata,,,,,,,,,
,Irawan,,,,,,,,,
,Anita,,,,,,,,,
,Tidak Diketahui,,,,,,,,,
,Titi Kusumo,,,,,,,,,
,Gilang,,,,,,,,,
,Kurnia Kusumo,,,,,,,,,
,Hamzah Winarsih,,,,,,,,,
,Devi Wulandari,,,,,,,,,
,Abyasa Napitupulu,,,,,,,,,
,Raisa Zulaika,,,,,,,,,
,Ifa Hastuti,,,,,,,,,
,Adikara Laksmiwati,,,,,,,,,
,Pangeran Nashiruddin,,,,,,,,,
,Zelda Wahyuni,,,,,,,,,
,Paulin Prastuti,,,,,,,,,
,Ophelia Purwanti,,,,,,,,,
,Alika Usada,,,,,,,,,
,Titin,,,,,,,,,
,Lukita Damanik,,,,,,,,,
,Tidak Diketahui,,,,,,,,,
,Bakti Damanik,,,,,,,,,
,Candrakanta,,,,,,,,,
,Danuja Padmasari,,,,,,,,,
,Ivan Ardianto,,,,,,,,,
,Haryanti,,,,,,,,,
,Galang Nababan,,,,,,,,,
,Daliono Hastuti,,,,,,,,,
,Opung,,,,,,,,,
,Darmaji Palastri,,,,,,,,,
,Jefri Hidayanto,,,,,,,,,
,Kurnia Rahmawati,,,,,,,,,
,Rahman Gunarto,,,,,,,,,
,Cahyono Latupono,,,,,,,,,
,Halima,,,,,,,,,
,Cakrabuana Waskita,,,,,,,,,
,Cagak Palastri,,,,,,,,,
,Vicky Anggriawan,,,,,,,,,
,Ghani,,,,,,,,,
,Irsad Astuti,,,,,,,,,
,Ulya Ardianto,,,,,,,,,
,Faizah,,,,,,,,,
,Patricia Natsir,,,,,,,,,
,Unjani Pangestu,,,,,,,,,
,Rini Prasasta,,,,,,,,,
,Tania,,,,,,,,,
,Belinda,,,,,,,,,
,Genta Handayani,,,,,,,,,
,Dasa Nugroho,,,,,,,,,
,Winarsih,,,,,,,,,
,Waluyo,,,,,,,,,
,Ulva Narpati,,,,,,,,,
,Faizah Pradana,,,,,,,,,
,Hamima Wahyuni,,,,,,,,,
,Galih,,,,,,,,,
,Uli Permata,,,,,,,,,
,Hartaka Kusmawati,,,,,,,,,
,Betania,,,,,,,,,
,Ani,,,,,,,,,
,Vinsen,,,,,,,,,
,Agus Adriansyah,,,,,,,,,
,Kezia Pratama,,,,,,,,,
,Galiono,,,,,,,,,
,Tri Rahmawati,,,,,,,,,
,Caket,,,,,,,,,
,Kartika Kurniawan,,,,,,,,,
,Liman Prabowo,,,,,,,,,
,Karman Dongoran,,,,,,,,,
,Kemba Budiman,,,,,,,,,
,Wisnu Palastri,,,,,,,,,
,Zizi Prabowo,,,,,,,,,
,Cut Ilsa Pranowo,,,,,,,,,
,Janet Wulandari,,,,,,,,,
,Prasasta,,,,,,,,,
,Zahra Najmudin,,,,,,,,,
,Diana Tamba,,,,,,,,,
,Lembah,,,,,,,,,
,Elma Purwanti,,,,,,,,,
,Gaduh Tampubolon,,,,,,,,,
,Farhunnisa Uwais,,,,,,,,,
,Patricia Kusumo,,,,,,,,,
,Hani,,,,,,,,,
,Usyi,,,,,,,,,
,Jailani,,,,,,,,,
,Najmudin,,,,,,,,,
,Tidak Diketahui,,,,,,,,,
,Ciaobella Yuniar,,,,,,,,,
,Okta Riyanti,,,,,,,,,
,Irsad Hidayanto,,,,,,,,,
,Bella Halim,,,,,,,,,
,Kasiran Hasanah,,,,,,,,,
,Tri Winarno,,,,,,,,,
,Belinda Budiman,,,,,,,,,
,Aswani,,,,,,,,,
,Hendra Narpati,,,,,,,,,
,Jarwi Prakasa,,,,,,,,,
,Puti Wani Firgantoro,,,,,,,,,
,Iswahyudi,,,,,,,,,
,Juli,,,,,,,,,
,Karma Halimah,,,,,,,,,
,Rahayu,,,,,,,,,
,Uli Pertiwi,,,,,,,,,
,Pradipta,,,,,,,,,
,Puti Yance Agustina,,,,,,,,,
,Puti Nashiruddin,,,,,,,,,
,Jaiman Thamrin,,,,,,,,,
,Gilang Andriani,,,,,,,,,
,Yuliana Prayoga,,,,,,,,,
,Nova Rajasa,,,,,,,,,
,Icha,,,,,,,,,
,Bambang Haryanto,,,,,,,,,
,Argono Nasyiah,,,,,,,,,
,Bakiman Kusmawati,,,,,,,,,
,Bakijan,,,,,,,,,
,Prima,,,,,,,,,
,Widya Aryani,,,,,,,,,
,Gangsa Wijaya,,,,,,,,,
,Hasta Waskita,,,,,,,,,
,Rangga Laksita,,,,,,,,,
,Chelsea Hardiansyah,,,,,,,,,
,Narji Jailani,,,,,,,,,
,Darmana Aryani,,,,,,,,,
,Zamira,,,,,,,,,
,Fitriani Anggraini,,,,,,,,,
,Reksa,,,,,,,,,
,Kamal Winarno,,,,,,,,,
,Kadir Natsir,,,,,,,,,
,Opung Nashiruddin,,,,,,,,,
,Vicky Haryanto,,,,,,,,,
,Janet Hutasoit,,,,,,,,,
,Gambira Novitasari,,,,,,,,,
,Harsana,,,,,,,,,
,Johan Nugroho,,,,,,,,,
,Jaswadi Haryanto,,,,,,,,,
,Damu,,,,,,,,,
,Zizi Rahmawati,,,,,,,,,
,Elma Wijaya,,,,,,,,,
,Eka Usamah,,,,,,,,,
,Arta Januar,,,,,,,,,
,Galih,,,,,,,,,
,Dartono,,,,,,,,,
,Ajimat,,,,,,,,,
,Raden Januar,,,,,,,,,
,Wahyudin,,,,,,,,,
,Nugroho,,,,,,,,,
,Gandi Puspasari,,,,,,,,,
,Ifa,,,,,,,,,
,Gamani,,,,,,,,,
,Hastuti,,,,,,,,,
,Heru,,,,,,,,,
,Aditya Ardianto,,,,,,,,,
,Humaira Lailasari,,,,,,,,,
,Uyainah,,,,,,,,,
,Harimurti,,,,,,,,,
,Lailasari,,,,,,,,,
,Niyaga,,,,,,,,,
,Kasiyah Aryani,,,,,,,,,
,Indah Firmansyah,,,,,,,,,
,Purwa,,,,,,,,,
,Ade Januar,,,,,,,,,
,Cut Titin Tamba,,,,,,,,,
,Puspita,,,,,,,,,
,Vanya Widiastuti,,,,,,,,,
,Widya Nasyiah,,,,,,,,,
,Caket,,,,,,,,,
,Panca Winarsih,,,,,,,,,
,Arta Wasita,,,,,,,,,
,Ani Pudjiastuti,,,,,,,,,
,Bakiman Hartati,,,,,,,,,
,Rosman Tarihoran,,,,,,,,,
,Julia,,,,,,,,,
,Rahayu Nainggolan,,,,,,,,,
,Xanana Hutasoit,,,,,,,,,
,Zulaikha,,,,,,,,,
,Yance Zulkarnain,,,,,,,,,
,Namaga,,,,,,,,,
,Lili Prakasa,,,,,,,,,
,Puspa Dabukke,,,,,,,,,
,Caturangga Laksmiwati,,,,,,,,,
,Tidak Diketahui,,,,,,,,,
,Zalindra Haryanti,,,,,,,,,
,Najwa Tamba,,,,,,,,,
,Tidak Diketahui,,,,,,,,,
,Aurora,,,,,,,,,
,Prastuti,,,,,,,,,
,Hafshah Hutapea,,,,,,,,,
,Clara Pranowo,,,,,,,,,
,Kayun Halimah,,,,,,,,,
,Bala,,,,,,,,,
,Widya Farida,,,,,,,,,
,Prabowo,,,,,,,,,
,Bakti,,,,,,,,,
,Bagiya Nainggolan,,,,,,,,,
,Novitasari,,,,,,,,,
,Galih Utami,,,,,,,,,
,Nabila Oktaviani,,,,,,,,,
,Tasnim Najmudin,,,,,,,,,
,Violet,,,,,,,,,
,Tidak Diketahui,,,,,,,,,
,Gangsar,,,,,,,,,
,Gawati Waluyo,,,,,,,,,
,Natalia Fujiati,,,,,,,,,
,Gamanto Palastri,,,,,,,,,
,Ami Yuniar,,,,,,,,,
,Virman,,,,,,,,,
,Lasmanto Laksita,,,,,,,,,
,Nugraha Narpati,,,,,,,,,
,Asman Oktaviani,,,,,,,,,
,Narpati,,,,,,,,,
,Ratih Budiyanto,,,,,,,,,
,Fathonah,,,,,,,,,
,Lala,,,,,,,,,
,Oni Nugroho,,,,,,,,,
,Ajeng,,,,,,,,,
,Eja Purnawati,,,,,,,,,
,Garang Ardianto,,,,,,,,,
,Ciaobella Najmudin,,,,,,,,,
,Darmaji Natsir,,,,,,,,,
,Tantri,,,,,,,,,
,Betania,,,,,,,,,
,Prayogo,,,,,,,,,
,Rini Hakim,,,,,,,,,
,Usyi,,,,,,,,,
,Cindy Lestari,,,,,,,,,
,Zamira,,,,,,,,,
,Cornelia Hassanah,,,,,,,,,
,Zelda,,,,,,,,,
,Ade Oktaviani,,,,,,,,,
,Rini Thamrin,,,,,,,,,
,Vinsen,,,,,,,,,
,Asirwanda Firgantoro,,,,,,,,,
,Oni Prayoga,,,,,,,,,
,Kezia,,,,,,,,,
,Vicky,,,,,,,,,
,Cut Prasetyo,,,,,,,,,
,Adinata Lailasari,,,,,,,,,
,Harjo Kusmawati,,,,,,,,,
,Paris Wacana,,,,,,,,,
,Hesti,,,,,,,,,
,Atma Kurniawan,,,,,,,,,
,Narpati,,,,,,,,,
,Cecep Prayoga,,,,,,,,,
,Heryanto Hutapea,,,,,,,,,
,Hasna Uyainah,,,,,,,,,
,Nilam Lazuardi,,,,,,,,,
,Darimin Pudjiastuti,,,,,,,,,
,Vega Firmansyah,,,,,,,,,
,Hamzah Zulkarnain,,,,,,,,,
,Ghaliyati Hariyah,,,,,,,,,
,Bakiadi Prasasta,,,,,,,,,
,Faizah Nasyiah,,,,,,,,,
,Nyoman Zulaika,,,,,,,,,
,Clara,,,,,,,,,
,Pradana,,,,,,,,,
,Hafshah Nurdiyanti,,,,,,,,,
,Capa Tamba,,,,,,,,,
,Hutapea,,,,,,,,,
,Ana,,,,,,,,,
,Hari Palastri,,,,,,,,,
,Radit,,,,,,,,,
,Laksita,,,,,,,,,
,Aurora,,,,,,,,,
,Cut Vanya Gunarto,,,,,,,,,
,Yani Agustina,,,,,,,,,
,Hartati,,,,,,,,,
,Cornelia Laksmiwati,,,,,,,,,
,Umaya,,,,,,,,,
,Qori Tampubolon,,,,,,,,,
,Garang,,,,,,,,,
,Cemeti,,,,,,,,,
,Radika Nashiruddin,,,,,,,,,
,Bagas Zulkarnain,,,,,,,,,
,Juli,,,,,,,,,
,Kuswandari,,,,,,,,,
,Puti Ifa Palastri,,,,,,,,,
,Ulya,,,,,,,,,
,Taufik,,,,,,,,,
,Harimurti,,,,,,,,,
,Nardi Wibowo,,,,,,,,,
,Kadir Hutapea,,,,,,,,,
,Puspa,,,,,,,,,
,Budiman,,,,,,,,,
,Agnes,,,,,,,,,
,Putri,,,,,,,,,
,Garan,,,,,,,,,
,Tidak Diketahui,,,,,,,,,
,Rendy Farida,,,,,,,,,
,Ghaliyati Rahimah,,,,,,,,,
,Putri Kuswandari,,,,,,,,,
,Darijan Nasyiah,,,,,,,,,
,Putri,,,,,,,,,
,Cinta Irawan,,,,,,,,,
,Tidak Diketahui,,,,,,,,,
,Gilda,,,,,,,,,
,Irnanto Lazuardi,,,,,,,,,
,Chandra Dongoran,,,,,,,,,
,Nyoman Adriansyah,,,,,,,,,
,Tantri Wastuti,,,,,,,,,
,Tantri Hutapea,,,,,,,,,
,Gabriella Astuti,,,,,,,,,
,Yahya Yuliarti,,,,,,,,,
,Winarno,,,,,,,,,
,Teguh Riyanti,,,,,,,,,
,Daniswara Fujiati,,,,,,,,,
,Vera Halim,,,,,,,,,
,Hari,,,,,,,,,
,Hasan Kurniawan,,,,,,,,,
,Prima Wastuti,,,,,,,,,
,Kuswoyo,,,,,,,,,
,Hasna Irawan,,,,,,,,,
,Elma,,,,,,,,,
,Kemal Hasanah,,,,,,,,,
,Reza Zulaika,,,,,,,,,
,Jailani,,,,,,,,,
,Paramita,,,,,,,,,
,Nyana Dabukke,,,,,,,,,
,Hana,,,,,,,,,
,Devi Laksmiwati,,,,,,,,,
,Nalar Pangestu,,,,,,,,,
,Ina,,,,,,,,,
,Ana,,,,,,,,,
,Lurhur,,,,,,,,,
